"","","p","Academia Econ. Pap.","","|","Academia Economic Papers"
"","","p","Acc. Rev.","","|","Accounting Review"
"","","p","Acc., Bus. Finan. Hist.","","|","Accounting, Business and Financial History"
"","","p","ACES Bull.","","|","ACES Bulletin"
"","","p","Acta Oecon.","","|","Acta Oeconomica"
"","","p","Advanc. Cons. Interest","","|","Advancing the Consumer Interest"
"","","p","African Devel. Rev./Revue Africaine Devel.","","|","African Development Review/Revue Africaine de Developpement"
"","","p","African Econ. Hist. ","","|","African Economic History"
"","","p","African Finance J.","","|","African Finance Journal"
"","","p","Afrika Spec.","","|","Afrika Spectrum"
"","","p","Agenda","","|","Agenda"
"","","p","Agribusiness","","|","Agribusiness"
"","","p","Agr. Resource Econ. Rev.","","|","Agricultural and Resource Economics Review"
"","","p","Agr. Econ. Res.","","|","Agricultural Economics Research"
"","","p","Agr. Econ.","","|","Agricultural Economics"
"","","p","Agr. Finance Rev.","","|","Agricultural Finance Review"
"","","p","Agr. Human Values","","|","Agriculture and Human Values"
"","","p","Agr. Resources Quart.","","|","Agriculture and Resources Quarterly"
"","","p","Agronomia Mesoamericana","","|","Agronomia Mesoamericana"
"","","p","Allgemeines Statistisches Arch./J. German Statistical Society","","|","Allgemeines Statistisches Archiv/Journal of the German Statistical Society"
"","","p","Amer. Econ. Rev.","","|","American Economic Review"
"","","p","Amer. Economist","","|","American Economist"
"","","p","Amer. Enterprise","","|","American Enterprise"
"","","p","Amer. Historical Rev.","","|","American Historical Review"
"","","p","Amer. J. Agr. Econ.","","|","American Journal of Agricultural Economics"
"","","p","Amer. J. Econ. Sociology","","|","American Journal of Economics and Sociology"
"","","p","Amer. Law Econ. Rev.","","|","American Law and Economics Review"
"","","p","Amer. Polit. Sci. Rev.","","|","American Political Science Review"
"","","p","Amer. Prospect","","|","American Prospect"
"","","p","Amer. Real Estate Urban Econ. Assoc. J.","","|","American Real Estate and Urban Economics Association Journal"
"","","p","Amer. Statistician","","|","American Statistician"
"","","p","Anal. Prevision","","|","Analyse Prevision"
"","","p","Ann. Econ. Statist.","","|","Annales d'Economie et de Statistique"
"","","p","Ann. INSEE","","|","Annales de l'INSEE"
"","","p","Ann. Sci. Econ. Appl.","","|","Annales de Sciences Economiques Appliques"
"","","p","Ann. Fac. Econ. Com., Univ. Palermo","","|","Annali della facolta di Economia e Commercio, Universita Palermo"
"","","p","Ann. Econ. Soc. Meas.","","|","Annals of Economic and Social Measurement"
"","","p","Ann. Econ. Finance","","|","Annals of Economics and Finance"
"","","p","Ann. Public Coop. Econ.","","|","Annals of Public and Cooperative Economics"
"","","p","Ann. Reg. Sci.","","|","Annals of Regional Science"
"","","p","Ann. Amer. Acad. Polit. Soc. Sci.","","|","Annals of the American Academy of Political and Social Science"
"","","p","Antitrust Bull.","","|","Antitrust Bulletin"
"","","p","Antitrust Law Econ.","","|","Antitrust Law and Economics Review"
"","","p","Appl. Econ. Letters","","|","Applied Economics Letters"
"","","p","Appl. Econ.","","|","Applied Economics"
"","","p","Appl. Finan. Econ.","","|","Applied Financial Economics"
"","","p","Appl. Geogr. Devel.","","|","Applied Geography and Development"
"","","p","Appl. Math. Finance","","|","Applied Mathematical Finance"
"","","p","Aquaculture Econ. Manage.","","|","Aquaculture Economics and Management"
"","","p","Archives Econ. Hist.","","|","Archives of Economic History"
"","","p","Arquivo Inst.","","|","Arquivo do Instituto Gulbenkian de Ciencia"
"","","p","Artha-Vikas","","|","Artha-Vikas"
"","","p","Arthaniti","","|","Arthaniti"
"","","p","ASEAN Econ. Bull.","","|","ASEAN Economic Bulletin"
"","","p","Asia Pacific Bus. Rev. ","","|","Asia Pacific Business Review"
"","","p","Asia Pacific J. Econ. Bus.","","|","Asia Pacific Journal of Economics and Business"
"","","p","Asia-Pacific Devel. J.","","|","Asia-Pacific Development Journal"
"","","p","Asia-Pacific Econ. Rev.","","|","Asia-Pacific Economic Review"
"","","p","Asia-Pacific Finan. Markets","","|","Asia-Pacific Financial Markets"
"","","p","Asian Devel. Rev.","","|","Asian Development Review"
"","","p","Asian Econ. J.","","|","Asian Economic Journal"
"","","p","Asian Econ. Rev.","","|","Asian Economic Review"
"","","p","Asian J. Agr. Econ.","","|","Asian Journal of Agricultural Economics"
"","","p","Asian-Pacific Econ. Lit.","","|","Asian-Pacific Economic Literature"
"","","p","Atlantic Econ. J.","","|","Atlantic Economic Journal"
"","","p","Aussenwirtschaft","","|","Aussenwirtschaft"
"","","p","Australasian J. Reg. Stud.","","|","Australasian Journal of Regional Studies"
"","","p","Australian Bull. Lab.","","|","Australian Bulletin of Labour"
"","","p","Australian Commodities Forecasts Issues","","|","Australian Commodities Forecasts and Issues"
"","","p","Australian Econ. Hist. Rev.","","|","Australian Economic History Review"
"","","p","Australian Econ. Pap.","","|","Australian Economic Papers"
"","","p","Australian Econ. Rev.","","|","Australian Economic Review"
"","","p","Australian J. Agr. Resource Econ.","","|","Australian Journal of Agricultural and Resource Economics"
"","","p","Australian J. Agr. Econ.","","|","Australian Journal of Agricultural Economics"
"","","p","Australian J. Lab. Econ.","","|","Australian Journal of Labour Economics"
"","","p","Australian J. Manage.","","|","Australian Journal of Management"
"","","p","Australian Tax Forum","","|","Australian Tax Forum"
"","","p","Banca Naz. Lavoro Quart. Rev.","","|","Banca Nazionale del Lavoro Quarterly Review"
"","","p","Bancaria","","|","Bancaria"
"","","p","Banco Espana Econ. Bull.","","|","Banco de Espana Economic Bulletin"
"","","p","Bangladesh Devel. Stud.","","|","Bangladesh Development Studies"
"","","p","Bangladesh Econ. Rev.","","|","Bangladesh Economic Review"
"","","p","Bank Engl. Quart. Bull.","","|","Bank of England Quarterly Bulletin"
"","","p","Bank Israel Banking Rev.","","|","Bank of Israel Banking Review"
"","","p","Bank Israel Econ. Rev.","","|","Bank of Israel Economic Review"
"","","p","Bank Japan Monet. Econ. Stud.","","|","Bank of Japan Monetary and Economic Studies"
"","","p","Bank Korea Econ. Pap.","","|","Bank of Korea Economic Papers"
"","","p","Bank Valletta Rev.","","|","Bank of Valletta Review"
"","","p","Banker","","|","Banker"
"","","p","Behavioral Res. Acc.","","|","Behavioral Research in Accounting"
"","","p","Bell J. Econ.","","|","Bell Journal of Economics"
"","","p","Bol. Mus. Soc. Argent.","","|","Boletin del Musea Social Argentino"
"","","p","Brazilian Electronic J. Econ.","","|","Brazilian Electronic Journal of Economics"
"","","p","Brazilian Rev. Econometrics","","|","Brazilian Review of Econometrics"
"","","p","Brit. J. Ind. Relat.","","|","British Journal of Industrial Relations"
"","","p","Brit. Rev. Econ. Issues","","|","British Review of Economic Issues"
"","","p","Brookings Pap. Econ. Act.","","|","Brookings Papers on Economic Activity"
"","","p","Brookings-Wharton Pap. Finan. Services","","|","Brookings-Wharton Papers on Financial Services"
"","","p","Brookings-Wharton Pap. Urban Aff.","","|","Brookings-Wharton Papers on Urban Affairs"
"","","p","Buffalo Law Rev.","","|","Buffalo Law Review"
"","","p","Bull. Int. Fiscal Doc.","","|","Bulletin for International Fiscal Documentation"
"","","p","Bull. Econ. Res.","","|","Bulletin of Economic Research"
"","","p","Bull. Indonesian Econ. Stud.","","|","Bulletin of Indonesian Economic Studies"
"","","p","Bull. Oxford Univ. Inst. Econ. Statist.","","|","Bulletin of the Oxford University Institute of Economics and Statistics"
"","","p","Bull. Univ. Osaka Prefect.","","|","Bulletin of University of Osaka Prefecture"
"","","p","Bus. Econ. Hist.","","|","Business and Economic History"
"","","p","Bus. Econ.","","|","Business Economics"
"","","p","Bus. Hist. Rev.","","|","Business History Review"
"","","p","Bus. Hist.","","|","Business History"
"","","p","Cah. Econ. Sociologie Rurales","","|","Cahiers d'Economie et Sociologie Rurales"
"","","p","Cah. Econ. Politique","","|","Cahiers d'Economie Politique"
"","","p","Cah. Econ. Bruxelles","","|","Cahiers Economiques de Bruxelles"
"","","p","Cah. Econ. Soc.","","|","Cahiers Economiques et Sociaux"
"","","p","Calif. Manage. Rev.","","|","California Management Review"
"","","p","Cambridge Econ. Pol. Rev.","","|","Cambridge Economic Policy Review"
"","","p","Cambridge J. Econ.","","|","Cambridge Journal of Economics"
"","","p","Can. Bus. Econ.","","|","Canadian Business Economics"
"","","p","Can. J. Agr. Econ.","","|","Canadian Journal of Agricultural Economics"
"","","p","Can. J. Devel. Stud.","","|","Canadian Journal of Development Studies"
"","","p","Can. J. Econ.","","|","Canadian Journal of Economics"
"","","p","Can. J. Reg. Sci.","","|","Canadian Journal of Regional Science"
"","","p","Can. Public Pol.","","|","Canadian Public Policy"
"","","p","Can. Tax J.","","|","Canadian Tax Journal"
"","","p","Carnegie-Rochester Conf. Ser. Public Pol.","","|","Carnegie-Rochester Conference Series on Public Policy"
"","","p","Cato J.","","|","Cato Journal"
"","","p","CEMLA Bol. Mens.","","|","CEMLA Boletin Mensual"
"","","p","Central Europ. J. Operations Res. Econ.","","|","Central European Journal for Operations Research and Economics"
"","","p","Central Europ. J. Operations Res.","","|","Central European Journal of Operations Research"
"","","p","CEPAL Rev.","","|","CEPAL Review"
"","","p","Challenge","","|","Challenge"
"","","p","China Econ. Rev.","","|","China Economic Review"
"","","p","China Quart.","","|","China Quarterly"
"","","p","Chinese Econ. Stud.","","|","Chinese Economic Studies"
"","","p","Chinese Economy","","|","Chinese Economy"
"","","p","CIRIEC-Espana, Revista Econ. Publica, Soc. Cooperativa","","|","CIRIEC-Espana, Revista de Economia Publica, Social y Cooperativa"
"","","p","Cityscape: J. Pol. Devel. Res.","","|","Cityscape: A Journal of Policy Development and Research"
"","","p","Coleccion Estud. CIEPLAN","","|","Coleccion Estudios CIEPLAN"
"","","p","Columbia J. World Bus.","","|","Columbia Journal of World Business"
"","","p","Comercio Exterior","","|","Comercio Exterior"
"","","p","Comertul Mod.","","|","Comertul Modern"
"","","p","Communications Strategies","","|","Communications and Strategies"
"","","p","Communist Economies Econ. Transformation","","|","Communist Economies and Economic Transformation"
"","","p","Compar. Econ. Stud.","","|","Comparative Economic Studies"
"","","p","Computational Econ.","","|","Computational Economics"
"","","p","Computer Sci. Econ. Manage.","","|","Computer Science in Economics and Management"
"","","p","Conflict Manage. Peace Sci. ","","|","Conflict Management and Peace Science"
"","","p","Consommation","","|","Consommation"
"","","p","Constit. Polit. Economy","","|","Constitutional Political Economy"
"","","p","Contemporary Econ. Pol.","","|","Contemporary Economic Policy"
"","","p","Contemp. Pol. Issues","","|","Contemporary Policy Issues"
"","","p","Contrib. to Polit. Economy","","|","Contributions to Political Economy"
"","","p","Critic. Rev.","","|","Critical Review"
"","","p","Cuadernos Econ.","","|","Cuadernos de Economia"
"","","p","Cuadernos de la C.V.F.","","|","Cuadernos de la C.V.F."
"","","p","Cuadernos Econ. I.C.E.","","|","Cuadernos Economicos de I.C.E."
"","","p","Cyprus J. Econ.","","|","Cyprus Journal of Economics"
"","","p","Cyprus Rev.","","|","Cyprus Review"
"","","p","Czech. Econ. Digest.","","|","Czechoslovak Economic Digest"
"","","p","Czech. Econ. Pap.","","|","Czechoslovak Economic Papers"
"","","p","Czech. J. Operations Res.","","|","Czechoslovak Journal for Operations Research"
"","","p","De Economia","","|","De Economia"
"","","p","De Economist","","|","De Economist"
"","","p","Defence Peace Econ.","","|","Defence and Peace Economics"
"","","p","Defence Econ.","","|","Defence Economics"
"","","p","Demogr. Econ.","","|","Demografia y Economia"
"","","p","Demography","","|","Demography"
"","","p","Der Donaurum","","|","Der Donaurum"
"","","p","Desarrollo Econ.","","|","Desarrollo Economico"
"","","p","Developing Economies","","|","Developing Economies"
"","","p","Devel. Change","","|","Development and Change"
"","","p","Devel. Southern Africa","","|","Development Southern Africa"
"","","p","Development","","|","Development"
"","","p","East African J. Rural Devel.","","|","East African Journal of Rural Development"
"","","p","East-West J. Econ. Bus.","","|","East-West Journal of Economics and Business"
"","","p","East-West Ser. Econ., Bus., Environ.","","|","East-West Series in Economics, Business, and the Environment"
"","","p","Eastern Africa Econ. Rev.","","|","Eastern Africa Economic Review"
"","","p","Eastern Econ. J.","","|","Eastern Economic Journal"
"","","p","Eastern Europ. Econ.","","|","Eastern European Economics"
"","","p","Ecolog. Econ.","","|","Ecological Economics"
"","","p","Economica (La Plata)","","|","Economica (National University of La Plata)"
"","","p","Econ. Chilena","","|","Economia Chilena"
"","","p","Econometric Rev.","","|","Econometric Reviews"
"","","p","Econometric Theory","","|","Econometric Theory"
"","","p","Econometrica","","|","Econometrica"
"","","p","Econometrics J.","","|","Econometrics Journal"
"","","p","Economia (Peru)","","|","Economia (Pontifical Catholic University of Peru)"
"","","p","Economia (Portugal)","","|","Economia (Portuguese Catholic University)"
"","","p","Econ. Aplicada/Brazilian J. Appl. Econ.","","|","Economia Aplicada/Brazilian Journal of Applied Economics"
"","","p","Econ. Scelte Pubbliche/J. Public Finance Public Choice","","|","Economia delle Scelte Pubbliche/Journal of Public Finance and Public Choice"
"","","p","Econ. Lavoro","","|","Economia e Lavoro"
"","","p","Econ. Ind.","","|","Economia Industrial"
"","","p","Econ. Int./Int. Econ.","","|","Economia Internazionale/International Economics"
"","","p","Econ. Int.","","|","Economia Internazionale"
"","","p","Econ. Mexicana, Nueva Epoca","","|","Economia Mexicana, Nueva Epoca"
"","","p","Econ. Politica","","|","Economia Politica"
"","","p","Econ. Aff.","","|","Economic Affairs"
"","","p","Econ. Anal. Pol., N.S.","","|","Economic Analysis and Policy, New Series"
"","","p","Econ. Anal. Pol.","","|","Economic Analysis and Policy"
"","","p","Econ. Anal. Workers' Manage.","","|","Economic Analysis and Workers' Management"
"","","p","Econ. Anal.","","|","Economic Analysis"
"","","p","Econ. Bus. Bull.","","|","Economic and Business Bulletin"
"","","p","Econ. Bus. Rev.","","|","Economic and Business Review"
"","","p","Econ. Finan. Modelling","","|","Economic and Financial Modelling"
"","","p","Econ. Finan. Rev.","","|","Economic and Financial Review"
"","","p","Econ. Ind. Democracy","","|","Economic and Industrial Democracy"
"","","p","Econ. Lab. Relat. Rev.","","|","Economic and Labour Relations Review"
"","","p","Econ. Soc. Rev.","","|","Economic and Social Review"
"","","p","Econ. Bull. Ghana, 2nd Ser.","","|","Economic Bulletin of Ghana, Second Series"
"","","p","Econ. Computat. Econ. Cybern. Stud. Res.","","|","Economic Computation and Economic Cybernetics Studies and Research"
"","","p","Econ. Design","","|","Economic Design"
"","","p","Econ. Devel. Cult. Change","","|","Economic Development and Cultural Change"
"","","p","Econ. Devel. Quart.","","|","Economic Development Quarterly"
"","","p","Econ. Forum","","|","Economic Forum"
"","","p","Econ. Geogr.","","|","Economic Geography"
"","","p","Econ. Hist. Rev., 2nd Ser.","","|","Economic History Review, Second Series"
"","","p","Econ. Hist. Rev.","","|","Economic History Review"
"","","p","Econ. Inquiry","","|","Economic Inquiry"
"","","p","Econ. Issues","","|","Economic Issues"
"","","p","Econ. J.","","|","Economic Journal"
"","","p","Econ. Modelling","","|","Economic Modelling"
"","","p","Econ. Notes","","|","Economic Notes"
"","","p","Econ. Perspect.","","|","Economic Perspectives"
"","","p","Econ. Pol. Rev.","","|","Economic Policy Review"
"","","p","Econ. Pol.: A Europ. Forum","","|","Economic Policy: A European Forum"
"","","p","Econ. Rec.","","|","Economic Record"
"","","p","Econ. Rev. (Keizai Kenkyu)","","|","Economic Review (Keizai Kenkyu)"
"","","p","Econ. Stud. Quart.","","|","Economic Studies Quarterly"
"","","p","Econ. Systems Res.","","|","Economic Systems Research"
"","","p","Econ. Systems","","|","Economic Systems"
"","","p","Econ. Theory","","|","Economic Theory"
"","","p","Economica, N.S.","","|","Economica, N.S."
"","","p","Economica","","|","Economica"
"","","p","Econ. Bus. Educ.","","|","Economics and Business Education"
"","","p","Econ. Philos.","","|","Economics and Philosophy"
"","","p","Econ. Politics","","|","Economics and Politics"
"","","p","Econ. Letters","","|","Economics Letters"
"","","p","Econ. Educ. Rev.","","|","Economics of Education Review"
"","","p","Econ. Governance","","|","Economics of Governance"
"","","p","Econ. Innovation New Tech.","","|","Economics of Innovation and New Technology"
"","","p","Econ. Planning ","","|","Economics of Planning"
"","","p","Econ. Transition","","|","Economics of Transition"
"","","p","Econ.: Biann. Collec. Recent Ger. Stud.","","|","Economics: A Biannual Collection of Recent German Studies"
"","","p","Econ.: J. Econ. Assoc.","","|","Economics: The Journal of the Economics Association"
"","","p","Economics","","|","Economics"
"","","p","Econ. Appl.","","|","Economie Appliquee"
"","","p","Econ. Prevision","","|","Economie et Prevision"
"","","p","Econ. Int.","","|","Economie Internationale"
"","","p","Econ. Rurale","","|","Economie Rurale"
"","","p","Econ. Soc.","","|","Economies et Societes"
"","","p","Econ. Soc. Tijdschr.","","|","Economisch en Sociaal Tijdschrift"
"","","p","Economy Hist.","","|","Economy and History"
"","","p","Economy Society","","|","Economy and Society"
"","","p","Educ. Econ.","","|","Education Economics"
"","","p","EIB Pap.","","|","EIB Papers"
"","","p","Ekonomia","","|","Ekonomia"
"","","p","Ekon.-Mat. Obzor","","|","Ekonomicko-Matematicky Obzor"
"","","p","Ekonomika Radvanskoyi Ukhayeny","","|","Ekonomika Radvanskoyi Ukhayeny"
"","","p","Ekon. Samfundets Tidskr.","","|","Ekonomiska Samfundets Tidskrift"
"","","p","Ekon. Istrazivanja/Econ. Res.","","|","Ekonomska Istrazivanja/Economic Research"
"","","p","Ekon. Misao Praksa","","|","Ekonomska Misao i Praksa"
"","","p","Trim. Econ.","","|","El Trimestre Economico"
"","","p","Empirica","","|","Empirica"
"","","p","Empirical Econ.","","|","Empirical Economics"
"","","p","Energy Econ.","","|","Energy Economics"
"","","p","Energy J.","","|","Energy Journal"
"","","p","Energy Stud. Rev.","","|","Energy Studies Review"
"","","p","Eng. Econ.","","|","Engineering Economist"
"","","p","Enterprise Society","","|","Enterprise and Society"
"","","p","Entrepreneurship Reg. Devel.","","|","Entrepreneurship and Regional Development"
"","","p","Environ. Devel. Econ.","","|","Environment and Development Economics"
"","","p","Environ. Planning A","","|","Environment and Planning A"
"","","p","Environ. Planning C: Govt. Pol.","","|","Environment and Planning C: Government and Policy"
"","","p","Environ. Resource Econ.","","|","Environmental and Resource Economics"
"","","p","Environ. Econ. Pol. Stud.","","|","Environmental Economics and Policy Studies"
"","","p","Environ. Values","","|","Environmental Values"
"","","p","Estud. de Econ.","","|","Estudios de Economia"
"","","p","Estud. Econ.","","|","Estudios Economicos"
"","","p","Estud. Empresariales","","|","Estudios Empresariales"
"","","p","Estud. Int.","","|","Estudios Internacionales"
"","","p","Estudos Econ.","","|","Estudos Economicos"
"","","p","Etud. Conjoncture","","|","Etudes et Conjoncture"
"","","p","Eurasian Geogr. Econ.","","|","Eurasian Geography and Economics"
"","","p","EuroChoices","","|","EuroChoices"
"","","p","Europ. Econ. Rev.","","|","European Economic Review"
"","","p","Europ. Finance Rev.","","|","European Finance Review"
"","","p","Europ. Finan. Manage.","","|","European Financial Management"
"","","p","Europ. J. Devel. Res.","","|","European Journal of Development Research"
"","","p","Europ. J. Finance","","|","European Journal of Finance"
"","","p","Europ. J. Housing Pol.","","|","European Journal of Housing Policy"
"","","p","Europ. J. Ind. Relat.","","|","European Journal of Industrial Relations"
"","","p","Europ. J. Int. Relat.","","|","European Journal of International Relations"
"","","p","Europ. J. Law Econ.","","|","European Journal of Law and Economics"
"","","p","Europ. J. Polit. Economy","","|","European Journal of Political Economy"
"","","p","Europ. J. Hist. Econ. Thought","","|","European Journal of the History of Economic Thought"
"","","p","Europ. Rev. Agr. Econ.","","|","European Review of Agricultural Economics"
"","","p","Europ. Rev. Econ. Hist.","","|","European Review of Economic History"
"","","p","Exper. Econ.","","|","Experimental Economics"
"","","p","Explorations Econ. Hist.","","|","Explorations in Economic History"
"","","p","Family Econ. Nutrition Rev.","","|","Family Economics and Nutrition Review"
"","","p","Family Econ. Rev.","","|","Family Economics Review"
"","","p","FDIC Banking Rev.","","|","FDIC Banking Review"
"","","p","Fed. Reserve Bank Bus. Rev. Phila.","","|","Federal Reserve Bank Business Review of Philadelphia"
"","","p","Fed. Reserve Bank Atlanta Econ. Rev.","","|","Federal Reserve Bank of Atlanta Economic Review"
"","","p","Fed. Reserve Bank Atlanta Rev.","","|","Federal Reserve Bank of Atlanta Monthly Review"
"","","p","Fed. Reserve Bank Boston New Eng. Econ. Rev.","","|","Federal Reserve Bank of Boston New England Economic Review"
"","","p","Fed. Reserve Bank Chicago Econ. Perspect.","","|","Federal Reserve Bank of Chicago Economic Perspectives"
"","","p","Fed. Reserve Bank Cleveland Econ. Rev.","","|","Federal Reserve Bank of Cleveland Economic Review"
"","","p","Fed. Reserve Bank Dallas Econ. Finan. Rev.","","|","Federal Reserve Bank of Dallas Economic and Financial Review"
"","","p","Fed. Reserve Bank Dallas Econ. Rev.","","|","Federal Reserve Bank of Dallas Economic Review"
"","","p","Fed. Reserve Bank Kansas City Econ. Rev.","","|","Federal Reserve Bank of Kansas City Economic Review"
"","","p","Fed. Reserve Bank Kansas City Rev.","","|","Federal Reserve Bank of Kansas City Monthly Review"
"","","p","Fed. Reserve Bank Minneapolis Quart. Rev.","","|","Federal Reserve Bank of Minneapolis Quarterly Review"
"","","p","Fed. Reserve Bank New York Econ. Pol. Rev.","","|","Federal Reserve Bank of New York Economic Policy Review"
"","","p","Fed. Reserve Bank New York Rev.","","|","Federal Reserve Bank of New York Monthly Review"
"","","p","Fed. Reserve Bank New York Quart. Rev.","","|","Federal Reserve Bank of New York Quarterly Review"
"","","p","Fed. Reserve Bank Philadelphia Bus. Rev.","","|","Federal Reserve Bank of Philadelphia Business Review"
"","","p","Fed. Reserve Bank Richmond Econ. Quart.","","|","Federal Reserve Bank of Richmond Economic Quarterly"
"","","p","Fed. Reserve Bank Richmond Econ. Rev.","","|","Federal Reserve Bank of Richmond Economic Review"
"","","p","Fed. Reserve Bank San Francisco Econ. Rev.","","|","Federal Reserve Bank of San Francisco Economic Review"
"","","p","Fed. Reserve Bank San Francisco Rev.","","|","Federal Reserve Bank of San Francisco Monthly Review"
"","","p","Fed. Reserve Bank St. Louis Rev.","","|","Federal Reserve Bank of St. Louis Review"
"","","p","Fed. Reserve Bull.","","|","Federal Reserve Bulletin"
"","","p","Feminist Econ.","","|","Feminist Economics"
"","","p","Finance Uver","","|","Finance a Uver"
"","","p","Finance Devel.","","|","Finance and Development"
"","","p","Finance Stochastics","","|","Finance and Stochastics"
"","","p","Finance Trade Rev.","","|","Finance and Trade Review"
"","","p","Finance India","","|","Finance India"
"","","p","Finance","","|","Finance"
"","","p","Finan. Eng. Japanese Markets","","|","Financial Engineering and the Japanese Markets"
"","","p","Finan. Hist. Rev.","","|","Financial History Review"
"","","p","Finan. Industry Stud.","","|","Financial Industry Studies"
"","","p","Finan. Manage.","","|","Financial Management"
"","","p","Finan. Markets, Inst. Instruments","","|","Financial Markets, Institutions and Instruments"
"","","p","Finan. Practice Educ.","","|","Financial Practice and Education"
"","","p","Finan. Rev.","","|","Financial Review"
"","","p","FinanzArch.","","|","FinanzArchiv"
"","","p","Finnish Econ. Pap.","","|","Finnish Economic Papers"
"","","p","Fisc. Stud.","","|","Fiscal Studies"
"","","p","Food Pol.","","|","Food Policy"
"","","p","Food Res. Inst. Stud.","","|","Food Research Institute Studies"
"","","p","Foreign Aff.","","|","Foreign Affairs"
"","","p","Foresight","","|","Foresight"
"","","p","Forum Devel. Stud.","","|","Forum for Development Studies"
"","","p","Forum Soc. Econ.","","|","Forum for Social Economics"
"","","p","Games Econ. Behav.","","|","Games and Economic Behavior"
"","","p","Geneva Pap. Risk Ins. Theory","","|","Geneva Papers on Risk and Insurance Theory"
"","","p","Geneva Pap. Risk Ins.: Issues Practice","","|","Geneva Papers on Risk and Insurance: Issues and Practice"
"","","p","Ger. Econ. Rev.","","|","German Economic Review"
"","","p","Giorn. Econ.","","|","Giornale degli Economisti e Annali di Economia"
"","","p","Global Bus. Econ. Rev.","","|","Global Business and Economics Review"
"","","p","Global Econ. Rev.","","|","Global Economic Review"
"","","p","Global Economy Quart.","","|","Global Economy Quarterly"
"","","p","Global Environ. Politics","","|","Global Environmental Politics"
"","","p","Global Finance J.","","|","Global Finance Journal"
"","","p","Gospodarstvo Istre","","|","Gospodarstvo Istre"
"","","p","Greek Econ. Rev.","","|","Greek Economic Review"
"","","p","Growth Change","","|","Growth and Change"
"","","p","Harvard Bus. Rev.","","|","Harvard Business Review"
"","","p","Health Care Manage. Sci.","","|","Health Care Management Science"
"","","p","Health Econ.","","|","Health Economics"
"","","p","Health Marketing Quart.","","|","Health Marketing Quarterly"
"","","p","Health Services Res.","","|","Health Services Research"
"","","p","Hist. Abstr.","","|","Historical Abstracts"
"","","p","Hist. Econ. Ideas","","|","History of Economic Ideas"
"","","p","Hist. Econ. Rev.","","|","History of Economics Review"
"","","p","Hist. Polit. Economy","","|","History of Political Economy"
"","","p","Hitotsubashi J. Com. Manage.","","|","Hitotsubashi Journal of Commerce and Management"
"","","p","Hitotsubashi J. Econ.","","|","Hitotsubashi Journal of Economics"
"","","p","Hong Kong Econ. Pap. ","","|","Hong Kong Economic Papers"
"","","p","Housing Finance Rev.","","|","Housing Finance Review"
"","","p","Housing Pol. Debate","","|","Housing Policy Debate"
"","","p","Housing Stud.","","|","Housing Studies"
"","","p","Human Resource Devel. Quart.","","|","Human Resource Development Quarterly"
"","","p","Humanomics","","|","Humanomics"
"","","p","Ifo Studien","","|","Ifo Studien"
"","","p","IIUM J. Econ. Manage.","","|","IIUM Journal of Economics and Management"
"","","p","Il Pensiero Econ. Italiano","","|","Il Pensiero Economico Italiano"
"","","p","Il Politico","","|","Il Politico"
"","","p","Il Risparmio","","|","Il Risparmio"
"","","p","Ill. Agr. Econ.","","|","Illinois Agricultural Economics"
"","","p","IMF Staff Pap.","","|","IMF Staff Papers"
"","","p","Impact Sci. Society","","|","Impact of Science on Society"
"","","p","Independent Rev.","","|","Independent Review"
"","","p","Indian Econ. Soc. Hist. Rev.","","|","Indian Economic and Social History Review"
"","","p","Indian Econ. J.","","|","Indian Economic Journal"
"","","p","Indian Econ. Rev.","","|","Indian Economic Review"
"","","p","Indian J. Appl. Econ.","","|","Indian Journal of Applied Economics"
"","","p","Indian J. Econ.","","|","Indian Journal of Economics"
"","","p","Indian J. Gender Stud.","","|","Indian Journal of Gender Studies"
"","","p","Indian J. Lab. Econ.","","|","Indian Journal of Labour Economics"
"","","p","Indian J. Quant. Econ.","","|","Indian Journal of Quantitative Economics"
"","","p","Indiana Bus. Rev.","","|","Indiana Business Review"
"","","p","Ind. Corp. Change","","|","Industrial and Corporate Change"
"","","p","Ind. Lab. Relat. Rev.","","|","Industrial and Labor Relations Review"
"","","p","Ind. Organ. Rev.","","|","Industrial Organization Review"
"","","p","Ind. Relat.","","|","Industrial Relations"
"","","p","Industry Devel. ","","|","Industry and Development"
"","","p","Industry Innovation","","|","Industry and Innovation"
"","","p","Info","","|","Info"
"","","p","Info. Comercial Espanola Revista Econ.","","|","Informacion Comercial Espanola Revista de Economia"
"","","p","Info. Econ. Pol.","","|","Information Economics and Policy"
"","","p","Innovations","","|","Innovations"
"","","p","Inquiry","","|","Inquiry"
"","","p","Ins.: Mathematics Econ.","","|","Insurance: Mathematics and Economics"
"","","p","Integration Trade","","|","Integration and Trade"
"","","p","Intermountain Econ. Rev.","","|","Intermountain Economic Review"
"","","p","Int. Advances Econ. Res.","","|","International Advances in Economic Research"
"","","p","Int. Contrib. to Lab. Stud.","","|","International Contributions to Labour Studies"
"","","p","Int. Econ. Insights","","|","International Economic Insights"
"","","p","Int. Econ. J.","","|","International Economic Journal"
"","","p","Int. Econ. Rev.","","|","International Economic Review"
"","","p","Int. Economy","","|","International Economy"
"","","p","Int. Finance","","|","International Finance"
"","","p","Int. Game Theory Rev.","","|","International Game Theory Review"
"","","p","Int. J. Appl. Econ. Econometrics","","|","International Journal of Applied Economics and Econometrics"
"","","p","Int. J. Bus.","","|","International Journal of Business"
"","","p","Int. J. Finance Econ.","","|","International Journal of Finance and Economics"
"","","p","Int. J. Forecasting","","|","International Journal of Forecasting"
"","","p","Int. J. Game Theory","","|","International Journal of Game Theory"
"","","p","Int. J. Ind. Organ.","","|","International Journal of Industrial Organization"
"","","p","Int. J. Manpower","","|","International Journal of Manpower"
"","","p","Int. J. Maritime Econ.","","|","International Journal of Maritime Economics"
"","","p","Int. J. Product. Econ.","","|","International Journal of Production Economics"
"","","p","Int. J. Soc. Econ.","","|","International Journal of Social Economics"
"","","p","Int. J. Econ. Bus.","","|","International Journal of the Economics of Business"
"","","p","Int. J. Theoretical Appl. Finance","","|","International Journal of Theoretical and Applied Finance"
"","","p","Int. J. Transport Econ.","","|","International Journal of Transport Economics"
"","","p","Int. J. Urban Reg. Res.","","|","International Journal of Urban and Regional Research"
"","","p","Int. Lab. Rev.","","|","International Labour Review"
"","","p","Int. Monet. Fund Staff Pap.","","|","International Monetary Fund Staff Papers"
"","","p","Int. Organ.","","|","International Organization"
"","","p","Int. Pol. Rev.","","|","International Policy Review"
"","","p","Int. Reg. Sci. Rev.","","|","International Regional Science Review"
"","","p","Int. Rev. Appl. Econ.","","|","International Review of Applied Economics"
"","","p","Int. Rev. Econ. Finance","","|","International Review of Economics and Finance"
"","","p","Int. Rev. Finan. Anal.","","|","International Review of Financial Analysis"
"","","p","Int. Rev. Law Econ.","","|","International Review of Law and Economics"
"","","p","Int. Soc. Sci. J.","","|","International Social Science Journal"
"","","p","Int. Tax Public Finance","","|","International Tax and Public Finance"
"","","p","Int. Trade J.","","|","International Trade Journal"
"","","p","Investigacion Econ.","","|","Investigacion Economica"
"","","p","Investigaciones Econ.","","|","Investigaciones Economicas"
"","","p","Invest. Pol.","","|","Investment Policy"
"","","p","Irish Banking Rev.","","|","Irish Banking Review"
"","","p","Irish J. Agr. Econ. Rural Sociology","","|","Irish Journal of Agricultural Economics and Rural Sociology"
"","","p","ISE Rev.","","|","ISE Review"
"","","p","Islamic Econ. Stud.","","|","Islamic Economic Studies"
"","","p","Jahr. Nationalokon. Statist.","","|","Jahrbucher fur Nationalokonomie und Statistik"
"","","p","Jahr. Wirtsch. Osteuropas","","|","Jahrbuch der Wirtschaft Osteuropas"
"","","p","Jahr. Regionalwissen./Rev. Reg. Res.","","|","Jahrbuch fur Regionalwissenschaft/Review of Regional Research"
"","","p","Japan World Economy","","|","Japan and the World Economy"
"","","p","Japan Res. Quart.","","|","Japan Research Quarterly"
"","","p","Japanese Econ. Rev.","","|","Japanese Economic Review"
"","","p","Japanese Econ. Stud.","","|","Japanese Economic Studies"
"","","p","Japanese Economy","","|","Japanese Economy"
"","","p","J. Stud. Econ. Econometrics","","|","Journal for Studies in Economics and Econometrics"
"","","p","J. Acc. Econ.","","|","Journal of Accounting and Economics"
"","","p","J. Acc. Res.","","|","Journal of Accounting Research"
"","","p","J. Acc., Aud. Finance","","|","Journal of Accounting, Auditing and Finance"
"","","p","J. African Bus.","","|","Journal of African Business"
"","","p","J. African Economies","","|","Journal of African Economies"
"","","p","J. African Finance Econ. Devel.","","|","Journal of African Finance and Economic Development"
"","","p","J. Agr. Appl. Econ.","","|","Journal of Agricultural and Applied Economics"
"","","p","J. Agr. Resource Econ.","","|","Journal of Agricultural and Resource Economics"
"","","p","J. Agr. Econ. Res.","","|","Journal of Agricultural Economics Research"
"","","p","J. Agr. Econ.","","|","Journal of Agricultural Economics"
"","","p","J. Appl. Bus. Res.","","|","Journal of Applied Business Research"
"","","p","J. Appl. Econometrics","","|","Journal of Applied Econometrics"
"","","p","J. Appl. Econ.","","|","Journal of Applied Economics"
"","","p","J. Appl. Statist.","","|","Journal of Applied Statistics"
"","","p","J. Asia-Pacific Bus.","","|","Journal of Asia-Pacific Business"
"","","p","J. Asian Econ.","","|","Journal of Asian Economics"
"","","p","J. Asian Stud.","","|","Journal of Asian Studies"
"","","p","J. Australian Polit. Economy","","|","Journal of Australian Political Economy"
"","","p","J. Bank Res.","","|","Journal of Bank Research"
"","","p","J. Banking Finance","","|","Journal of Banking and Finance"
"","","p","J. Behavioral Econ.","","|","Journal of Behavioral Economics"
"","","p","J. Bioecon.","","|","Journal of Bioeconomics"
"","","p","J. Bus. Econ. Statist.","","|","Journal of Business and Economic Statistics"
"","","p","J. Bus. Res.","","|","Journal of Business Research"
"","","p","J. Bus.","","|","Journal of Business"
"","","p","J. Common Market Stud.","","|","Journal of Common Market Studies"
"","","p","J. Compar. Econ.","","|","Journal of Comparative Economics"
"","","p","J. Conflict Resolution","","|","Journal of Conflict Resolution"
"","","p","J. Cons. Aff.","","|","Journal of Consumer Affairs"
"","","p","J. Cons. Pol.","","|","Journal of Consumer Policy"
"","","p","J. Cons. Res.","","|","Journal of Consumer Research"
"","","p","J. Corp. Finan.: Contracting, Governance Organ.","","|","Journal of Corporate Finance: Contracting, Governance and Organization"
"","","p","J. Cult. Econ.","","|","Journal of Cultural Economics"
"","","p","J. Derivatives","","|","Journal of Derivatives"
"","","p","J. Developing Areas","","|","Journal of Developing Areas"
"","","p","J. Devel. Econ. Pol.","","|","Journal of Development and Economic Policies"
"","","p","J. Devel. Econ.","","|","Journal of Development Economics"
"","","p","J. Devel. Stud.","","|","Journal of Development Studies"
"","","p","J. East West Stud.                         ","","|","Journal of East and West Studies"
"","","p","J. East-West Bus.","","|","Journal of East-West Business"
"","","p","J. Econometrics","","|","Journal of Econometrics"
"","","p","J. Econ. Soc. Meas.","","|","Journal of Economic and Social Measurement"
"","","p","J. Econ. Soc. Pol.","","|","Journal of Economic and Social Policy"
"","","p","J. Econ. Soc. Res.","","|","Journal of Economic and Social Research"
"","","p","J. Econ. Behav. Organ.","","|","Journal of Economic Behavior and Organization"
"","","p","J. Econ. Cooperation Islamic Countries","","|","Journal of Economic Cooperation among Islamic Countries"
"","","p","J. Econ. Devel.","","|","Journal of Economic Development"
"","","p","J. Econ. Dynam. Control","","|","Journal of Economic Dynamics and Control"
"","","p","J. Econ. Educ.","","|","Journal of Economic Education"
"","","p","J. Econ. Growth","","|","Journal of Economic Growth"
"","","p","J. Econ. Hist.","","|","Journal of Economic History"
"","","p","J. Econ. Integration","","|","Journal of Economic Integration"
"","","p","J. Econ. Issues","","|","Journal of Economic Issues"
"","","p","J. Econ. Lit.","","|","Journal of Economic Literature"
"","","p","J. Econ. Methodology","","|","Journal of Economic Methodology"
"","","p","J. Econ. Perspect.","","|","Journal of Economic Perspectives"
"","","p","J. Econ. Psych.","","|","Journal of Economic Psychology"
"","","p","J. Econ. Res.","","|","Journal of Economic Research"
"","","p","J. Econ. Stud.","","|","Journal of Economic Studies"
"","","p","J. Econ. Surveys","","|","Journal of Economic Surveys"
"","","p","J. Econ. Theory Econometrics","","|","Journal of Economic Theory and Econometrics"
"","","p","J. Econ. Theory","","|","Journal of Economic Theory"
"","","p","J. Econ. (MVEA)","","|","Journal of Economics (MVEA)"
"","","p","J. Econ. (Z. Nationalokon.)","","|","Journal of Economics (Zeitschrift fur Nationalokonomie)"
"","","p","J. Econ. Bus.","","|","Journal of Economics and Business"
"","","p","J. Econ. Finance","","|","Journal of Economics and Finance"
"","","p","J. Econ. Manage. Strategy","","|","Journal of Economics and Management Strategy"
"","","p","J. Educ. Finance","","|","Journal of Education Finance"
"","","p","J. Emerging Markets","","|","Journal of Emerging Markets"
"","","p","J. Empirical Finance","","|","Journal of Empirical Finance"
"","","p","J. Energy Devel.","","|","Journal of Energy and Development"
"","","p","J. Energy Finance Devel.","","|","Journal of Energy Finance and Development"
"","","p","J. Energy Lit.","","|","Journal of Energy Literature"
"","","p","J. Environ. Devel.","","|","Journal of Environment and Development"
"","","p","J. Environ. Econ. Manage.","","|","Journal of Environmental Economics and Management"
"","","p","J. Environ. Planning Manage.","","|","Journal of Environmental Planning and Management"
"","","p","J. Europ. Econ. Hist.","","|","Journal of European Economic History"
"","","p","J. Evolutionary Econ.","","|","Journal of Evolutionary Economics"
"","","p","J. Family Econ. Issues","","|","Journal of Family and Economic Issues"
"","","p","J. Far Eastern Bus.","","|","Journal of Far Eastern Business"
"","","p","J. Farm Econ.","","|","Journal of Farm Economics"
"","","p","J. Finance","","|","Journal of Finance"
"","","p","J. Finan. Quant. Anal.","","|","Journal of Financial and Quantitative Analysis"
"","","p","J. Finan. Econ.","","|","Journal of Financial Economics"
"","","p","J. Finan. Intermediation","","|","Journal of Financial Intermediation"
"","","p","J. Finan. Manage. Anal.","","|","Journal of Financial Management and Analysis"
"","","p","J. Finan. Res.","","|","Journal of Financial Research"
"","","p","J. Finan. Services Res.","","|","Journal of Financial Services Research"
"","","p","J. Forensic Econ.","","|","Journal of Forensic Economics"
"","","p","J. Futures Markets","","|","Journal of Futures Markets"
"","","p","J. Geograph. Systems","","|","Journal of Geographical Systems"
"","","p","J. Health Econ.","","|","Journal of Health Economics"
"","","p","J. Health Politics, Pol. Law","","|","Journal of Health Politics, Policy and Law"
"","","p","J. Higher Educ. Pol. Manage.","","|","Journal of Higher Education Policy and Management"
"","","p","J. Housing Econ.","","|","Journal of Housing Economics"
"","","p","J. Housing Res.","","|","Journal of Housing Research"
"","","p","J. Human Res.","","|","Journal of Human Resources"
"","","p","J. Income Distribution","","|","Journal of Income Distribution"
"","","p","J. Ind. Econ.","","|","Journal of Industrial Economics"
"","","p","J. Industry Stud.","","|","Journal of Industry Studies"
"","","p","J. Inst. Theoretical Econ.","","|","Journal of Institutional and Theoretical Economics"
"","","p","J. Interamer. Stud. World Aff.","","|","Journal of Interamerican Studies and World Affairs"
"","","p","J. Interdisciplinary Econ.","","|","Journal of Interdisciplinary Economics"
"","","p","J. Int. Compar. Econ.","","|","Journal of International and Comparative Economics"
"","","p","J. Int. Bus. Stud.","","|","Journal of International Business Studies"
"","","p","J. Int. Devel.","","|","Journal of International Development"
"","","p","J. Int. Econ. Law","","|","Journal of International Economic Law"
"","","p","J. Int. Econ.","","|","Journal of International Economics"
"","","p","J. Int. Finan. Markets, Inst. Money","","|","Journal of International Financial Markets, Institutions and Money"
"","","p","J. Int. Money Finance","","|","Journal of International Money and Finance"
"","","p","J. Int. Trade Econ. Devel.","","|","Journal of International Trade and Economic Development"
"","","p","J. King Abdulaziz Univ.: Islamic Econ. ","","|","Journal of King Abdulaziz University: Islamic Economics"
"","","p","J. Lab. Econ.","","|","Journal of Labor Economics"
"","","p","J. Lab. Res.","","|","Journal of Labor Research"
"","","p","J. Law Econ.","","|","Journal of Law and Economics"
"","","p","J. Law, Econ., Organ.","","|","Journal of Law, Economics, and Organization"
"","","p","J. Legal Econ.","","|","Journal of Legal Economics"
"","","p","J. Legal Stud.","","|","Journal of Legal Studies"
"","","p","J. Macroecon.","","|","Journal of Macroeconomics"
"","","p","J. Manage. Acc. Res.","","|","Journal of Management Accounting Research"
"","","p","J. Manage. Governance","","|","Journal of Management and Governance"
"","","p","J. Marketing Res.","","|","Journal of Marketing Research"
"","","p","J. Marketing","","|","Journal of Marketing"
"","","p","J. Markets Morality","","|","Journal of Markets and Morality"
"","","p","J. Math. Econ.","","|","Journal of Mathematical Economics"
"","","p","J. Monet. Econ.","","|","Journal of Monetary Economics"
"","","p","J. Money, Credit, Banking","","|","Journal of Money, Credit, and Banking"
"","","p","J. Multinat. Finan. Manage.","","|","Journal of Multinational Financial Management"
"","","p","J. Peace Res.","","|","Journal of Peace Research"
"","","p","J. Peace Sci.","","|","Journal of Peace Science"
"","","p","J. Pol. Anal. Manage.","","|","Journal of Policy Analysis and Management"
"","","p","J. Pol. Modeling","","|","Journal of Policy Modeling"
"","","p","J. Pol. Reform","","|","Journal of Policy Reform"
"","","p","J. Polit. Economy","","|","Journal of Political Economy"
"","","p","J. Population Econ.","","|","Journal of Population Economics"
"","","p","J. Portfol. Manage.","","|","Journal of Portfolio Management"
"","","p","J. Post Keynesian Econ.","","|","Journal of Post Keynesian Economics"
"","","p","J. Private Enterprise","","|","Journal of Private Enterprise"
"","","p","J. Productiv. Anal.","","|","Journal of Productivity Analysis"
"","","p","J. Public Int. Aff.","","|","Journal of Public and International Affairs"
"","","p","J. Public Econ. Theory","","|","Journal of Public Economic Theory"
"","","p","J. Public Econ.","","|","Journal of Public Economics"
"","","p","J. Public Finance Public Choice/Econ. Scelte Pubbliche","","|","Journal of Public Finance and Public Choice/Economia Delle Scelte Pubbliche"
"","","p","J. Quant. Econ.","","|","Journal of Quantitative Economics"
"","","p","J. Real Estate Finance Econ.","","|","Journal of Real Estate Finance and Economics"
"","","p","J. Real Estate Lit.","","|","Journal of Real Estate Literature"
"","","p","J. Real Estate Portfol. Manage.","","|","Journal of Real Estate Portfolio Management"
"","","p","J. Real Estate Practice Educ.","","|","Journal of Real Estate Practice and Education"
"","","p","J. Real Estate Res.","","|","Journal of Real Estate Research"
"","","p","J. Reg. Anal. Pol.","","|","Journal of Regional Analysis and Policy"
"","","p","J. Reg. Sci.","","|","Journal of Regional Science"
"","","p","J. Regul. Econ.","","|","Journal of Regulatory Economics"
"","","p","J. Res. Islamic Econ.","","|","Journal of Research in Islamic Economics"
"","","p","J. Res. Pharmaceut. Econ.","","|","Journal of Research in Pharmaceutical Economics"
"","","p","J. Risk Ins.","","|","Journal of Risk and Insurance"
"","","p","J. Risk Uncertainty","","|","Journal of Risk and Uncertainty"
"","","p","J. Soc. Econ. Devel.","","|","Journal of Social and Economic Development"
"","","p","J. Socio-Econ.","","|","Journal of Socio-Economics"
"","","p","J. Sports Econ.","","|","Journal of Sports Economics"
"","","p","J. Taxation","","|","Journal of Taxation"
"","","p","J. Tech. Transfer","","|","Journal of Technology Transfer"
"","","p","J. Amer. Real Estate Urban Econ. Assoc.","","|","Journal of the American Real Estate and Urban Economics Association"
"","","p","J. Amer. Statistical Assoc.","","|","Journal of the American Statistical Association"
"","","p","J. Asia Pacific Economy","","|","Journal of the Asia Pacific Economy"
"","","p","J. Econ. of Bus.","","|","Journal of the Economics of Business"
"","","p","J. Hist. Econ. Thought","","|","Journal of the History of Economic Thought"
"","","p","J. Japanese Int. Economies","","|","Journal of the Japanese and International Economies"
"","","p","J. Roy. Statistical Society","","|","Journal of the Royal Statistical Society, Series A"
"","","p","J. Soc. Sci.","","|","Journal of the Social Sciences"
"","","p","J. Statistical Soc. Inquiry Society Ireland","","|","Journal of the Statistical and Social Inquiry Society of Ireland"
"","","p","J. Transnat. Manage. Devel.","","|","Journal of Transnational Management Development"
"","","p","J. Transp. Econ. Pol.","","|","Journal of Transport Economics and Policy"
"","","p","J. Urban Econ.","","|","Journal of Urban Economics"
"","","p","J. World Bus.","","|","Journal of World Business"
"","","p","J. World Trade Law","","|","Journal of World Trade Law"
"","","p","J. World Trade","","|","Journal of World Trade"
"","","p","Kansant. Aikak.","","|","Kansantaloudellinen Aikakauskirja"
"","","p","Keio Econ. Stud.","","|","Keio Economic Studies"
"","","p","Kobe Econ. Bus. Rev.","","|","Kobe Economic and Business Review"
"","","p","Kobe Univ. Econ. Rev.","","|","Kobe University Economic Review"
"","","p","Kokumin-Keizai Zasshi","","|","Kokumin-Keizai Zasshi"
"","","p","Konjunkturpolitik","","|","Konjunkturpolitik"
"","","p","Kredit Kapital","","|","Kredit und Kapital"
"","","p","Kyklos","","|","Kyklos"
"","","p","Kyoto Univ. Econ. Rev.","","|","Kyoto University Economic Review"
"","","p","L'Actual. Econ./Rev. Anal. Econ.","","|","L'Actualite Economique/Revue D'Analyse Economique"
"","","p","L'Actual. Econ.","","|","L'Actualite Economique"
"","","p","L'Impresa","","|","L'Impresa"
"","","p","L'Industria, N.S.","","|","L'Industria, Nuova Serie"
"","","p","L'Industria","","|","L'Industria"
"","","p","Lab. Hist.","","|","Labor History"
"","","p","Lab. Econ.","","|","Labour Economics"
"","","p","Labour","","|","Labour"
"","","p","Lahore J. Econ.","","|","Lahore Journal of Economics"
"","","p","Land Econ.","","|","Land Economics"
"","","p","Latin Amer. Politics Society","","|","Latin American Politics and Society"
"","","p","Law Contemp. Prob.","","|","Law and Contemporary Problems"
"","","p","Lecturas Econ.","","|","Lecturas de Economia"
"","","p","Libyan Econ. Bus. Rev.","","|","Libyan Economic and Business Review"
"","","p","Liiketaloudellinen Aikak.","","|","Liiketaloudellinen Aikakauskirja"
"","","p","Lloyds Bank Rev.","","|","Lloyds Bank Review"
"","","p","Local Economy","","|","Local Economy"
"","","p","Logist. Transp. Rev.","","|","Logistics and Transportation Review"
"","","p","Macroecon. Dynam.","","|","Macroeconomic Dynamics"
"","","p","Malayan Econ. Rev.","","|","Malayan Economic Review"
"","","p","Manage. Acc.","","|","Management Accounting"
"","","p","Manage. Train. Rev.","","|","Management Training Review"
"","","p","Management","","|","Management"
"","","p","Managerial Dec. Econ.","","|","Managerial and Decision Economics"
"","","p","Manchester Sch. Econ. Soc. Stud.","","|","Manchester School of Economic and Social Studies"
"","","p","Manchester Sch.","","|","Manchester School"
"","","p","Margin","","|","Margin"
"","","p","Marine Resource Econ.","","|","Marine Resource Economics"
"","","p","Maritime Pol. Manage.","","|","Maritime Policy and Management"
"","","p","Marketing Sci.","","|","Marketing Science"
"","","p","Marquette Bus. Rev.","","|","Marquette Business Review"
"","","p","Matekon","","|","Matekon"
"","","p","Math. Finance","","|","Mathematical Finance"
"","","p","Math. Methods Operations Res.","","|","Mathematical Methods of Operations Research"
"","","p","Math. Soc. Sci.","","|","Mathematical Social Sciences"
"","","p","Methodus","","|","Methodus"
"","","p","Metrika","","|","Metrika"
"","","p","Metroecon.","","|","Metroeconomica"
"","","p","Mich. Academician","","|","Michigan Academician"
"","","p","Mich. Law Rev.","","|","Michigan Law Review"
"","","p","Middle East Bus. Econ. Rev.","","|","Middle East Business and Economic Review"
"","","p","Middle East Econ. Pap.","","|","Middle East Economic Papers"
"","","p","Middle East J.","","|","Middle East Journal"
"","","p","METU Stud. Devel.","","|","Middle East Technical University Studies in Development"
"","","p","Miss. Val. J. Bus. Econ.","","|","Mississippi Valley Journal of Business and Economics"
"","","p","Mitteilungen Arbeitsmarkt- Berufsforschung","","|","Mitteilungen aus der Arbeitsmarkt- und Berufsforschung"
"","","p","MOCT-MOST: Econ. Pol. Transitional Economies","","|","MOCT-MOST: Economic Policy in Transitional Economies"
"","","p","Mod. Asian Stud.","","|","Modern Asian Studies"
"","","p","Momento Econ.","","|","Momento Economico"
"","","p","Mondo Aperto","","|","Mondo Aperto"
"","","p","Moneda Credito","","|","Moneda y Credito"
"","","p","Moneta Credito","","|","Moneta e Credito"
"","","p","Monet. Econ. Stud.","","|","Monetary and Economic Studies"
"","","p","Mon. Lab. Rev.","","|","Monthly Labor Review"
"","","p","Multinat. Finance J.","","|","Multinational Finance Journal"
"","","p","Nat. Inst. Econ. Rev.","","|","National Institute Economic Review"
"","","p","Nat. Tax J.","","|","National Tax Journal"
"","","p","Nat. Westminster Bank Quart. Rev.","","|","National Westminster Bank Quarterly Review"
"","","p","Nationalokon. Tidsskr.","","|","Nationalokonomisk Tidsskrift"
"","","p","Natural Res. Modeling","","|","Natural Resource Modeling"
"","","p","Natural Res. J.","","|","Natural Resources Journal"
"","","p","Nebr. J. Econ. Bus.","","|","Nebraska Journal of Economics and Business"
"","","p","Netnomics","","|","Netnomics"
"","","p","New Economy","","|","New Economy"
"","","p","New England Econ. Rev.","","|","New England Economic Review"
"","","p","New Mexico Bus.","","|","New Mexico Business"
"","","p","New Polit. Economy","","|","New Political Economy"
"","","p","New Trends Czech. Econ.","","|","New Trends Czech. Econ."
"","","p","New Zealand Econ. Pap.","","|","New Zealand Economic Papers"
"","","p","New Zealand Geographer","","|","New Zealand Geographer"
"","","p","Nigerian J. Econ. Soc. Stud.","","|","Nigerian Journal of Economic and Social Studies"
"","","p","Nomura Res. Inst. Quart. Econ. Rev.       ","","|","Nomura Research Institute Quarterly Economic Review"
"","","p","Nonlinear Dynam., Psych., and Life Sci.","","|","Nonlinear Dynamics, Psychology, and Life Sciences"
"","","p","Nonprofit Manage. Leadership","","|","Nonprofit Management and Leadership"
"","","p","Nordic J. Polit. Economy","","|","Nordic Journal of Political Economy"
"","","p","N. Amer. Actuarial J.","","|","North American Actuarial Journal"
"","","p","N. Amer. J. Econ. Finance","","|","North American Journal of Economics and Finance"
"","","p","OECD Econ. Stud.","","|","OECD Economic Studies"
"","","p","Ohio State U. Bull. Bus. Res.","","|","Ohio State University Bulletin of Business Research"
"","","p","Okon. Polit.","","|","Okonomi og Politik"
"","","p","Okonomi","","|","Okonomi"
"","","p","OPEC Rev.","","|","OPEC Review"
"","","p","Open Economies Rev.","","|","Open Economies Review"
"","","p","OR Spectrum","","|","OR Spectrum"
"","","p","OR Spektrum","","|","OR Spektrum"
"","","p","Orbis Econ.","","|","Orbis Economicus"
"","","p","Oregon Bus. Rev.","","|","Oregon Business Review"
"","","p","Organ. Environ.","","|","Organization and Environment"
"","","p","Osaka Econ. Pap.","","|","Osaka Economic Papers"
"","","p","Oxford Bull. Econ. Statist.","","|","Oxford Bulletin of Economics and Statistics"
"","","p","Oxford Devel. Stud.","","|","Oxford Development Studies"
"","","p","Oxford Econ. Pap.","","|","Oxford Economic Papers"
"","","p","Oxford Rev. Econ. Pol.","","|","Oxford Review of Economic Policy"
"","","p","Pacific Asian J. Energy","","|","Pacific and Asian Journal of Energy"
"","","p","Pacific Econ. Bull.","","|","Pacific Economic Bulletin"
"","","p","Pacific Econ. Rev.","","|","Pacific Economic Review"
"","","p","Pacific-Basin Finance J.","","|","Pacific-Basin Finance Journal"
"","","p","Pakistan Devel. Rev.","","|","Pakistan Development Review"
"","","p","Pakistan Econ. Soc. Rev.","","|","Pakistan Economic and Social Review"
"","","p","Pakistan J. Appl. Econ.","","|","Pakistan Journal of Applied Economics"
"","","p","Pap. Econ. Espanola","","|","Papeles de Economia Espanola"
"","","p","Pap. Reg. Sci.","","|","Papers in Regional Science"
"","","p","Pap. Non-Market Dec. Making","","|","Papers on Non-Market Decision Making"
"","","p","Peace Res. Society Int. Pap.","","|","Peace Research Society International Papers"
"","","p","Peace Sci. Society","","|","Peace Science Society (International) Papers"
"","","p","Pensa. Iberamer.: Revista Econ. Politica","","|","Pensamiento Iberoamericano: Revista de Economia Politica"
"","","p","Perspect. Lab. Income","","|","Perspectives on Labour and Income"
"","","p","Pesquisa Planejamento Econ.","","|","Pesquisa e Planejamento Economico"
"","","p","PharmacoEcon.","","|","PharmacoEconomics"
"","","p","Philippine Econ. J.","","|","Philippine Economic Journal"
"","","p","Philippine J. Bus. Econ.","","|","Philippine Journal of Business and Economics"
"","","p","Philippine J. Bus. Finance","","|","Philippine Journal of Business and Finance"
"","","p","Philippine Rev. Econ. Bus.","","|","Philippine Review of Economics and Business"
"","","p","Philippine Rev. Econ.","","|","Philippine Review of Economics"
"","","p","Pol. Anal.","","|","Policy Analysis"
"","","p","Pol. Rev.","","|","Policy Review"
"","","p","Pol. Sci.","","|","Policy Sciences"
"","","p","Pol. Stud.","","|","Policy Studies"
"","","p","Policy","","|","Policy"
"","","p","Politica Econ.","","|","Politica Economica"
"","","p","Polit. Sci. Quart.","","|","Political Science Quarterly"
"","","p","Politicka Ekon.","","|","Politicka Ekonomie"
"","","p","Population Devel. Rev.","","|","Population and Development Review"
"","","p","Population Bull.","","|","Population Bulletin"
"","","p","Population Res. Pol. Rev.","","|","Population Research and Policy Review"
"","","p","Population Rev.","","|","Population Review"
"","","p","Population Stud.","","|","Population Studies"
"","","p","Population","","|","Population"
"","","p","Post-Communist Economies","","|","Post-Communist Economies"
"","","p","Post-Soviet Aff.","","|","Post-Soviet Affairs"
"","","p","Post-Soviet Geogr. Econ.","","|","Post-Soviet Geography and Economics"
"","","p","Prague Econ. Pap.","","|","Prague Economic Papers"
"","","p","Prob. Desarrollo","","|","Problemas del Desarrollo"
"","","p","Prob. Econ. Transition","","|","Problems of Economic Transition"
"","","p","Prob. Econ.","","|","Problems of Economics"
"","","p","Public Admin. Rev.","","|","Public Administration Review"
"","","p","Public Budg. Finance","","|","Public Budgeting and Finance"
"","","p","Public Choice","","|","Public Choice"
"","","p","Public Finance Quart.","","|","Public Finance Quarterly"
"","","p","Public Finance Rev.","","|","Public Finance Review"
"","","p","Public Finance","","|","Public Finance"
"","","p","Public Management Sources","","|","Public Management Sources"
"","","p","Public Pol.","","|","Public Policy"
"","","p","Punjab Univ. Econ.","","|","Punjab University Economist"
"","","p","Quaderni Econ. Finanza","","|","Quaderni di Economia e Finanza"
"","","p","Quaderni Storici delle Marche","","|","Quaderni Storici delle Marche"
"","","p","Quant. Finance","","|","Quantitative Finance"
"","","p","Quart. J. Austrian Econ.","","|","Quarterly Journal of Austrian Economics"
"","","p","Quart. J. Bus. Econ.","","|","Quarterly Journal of Business and Economics"
"","","p","Quart. J. Econ.","","|","Quarterly Journal of Economics"
"","","p","Quart. J. Indian Econ. Stud. Soc. Sci.","","|","Quarterly Journal of Indian Economic Studies in Social Science"
"","","p","Quart. Rev. Agr. Econ.","","|","Quarterly Review of Agricultural Economics"
"","","p","Quart. Rev. Econ. Bus.","","|","Quarterly Review of Economics and Business"
"","","p","Quart. Rev. Econ. Finance","","|","Quarterly Review of Economics and Finance"
"","","p","Quart. Rev. Rural Economy","","|","Quarterly Review of the Rural Economy"
"","","p","Region Devel.","","|","Region et Developpement"
"","","p","RAND J. Econ.","","|","RAND Journal of Economics"
"","","p","Rassegna Econ.","","|","Rassegna Economica"
"","","p","Real Estate Econ.","","|","Real Estate Economics"
"","","p","Rech. Econ. Louvain/Louvain Econ. Rev.","","|","Recherches Economiques de Louvain/Louvain Economic Review"
"","","p","Rech. Econ. Louvain","","|","Recherches Economiques de Louvain"
"","","p","Reg. Sci. Urban Econ.","","|","Regional Science and Urban Economics"
"","","p","Reg. Sci. Persp.","","|","Regional Science Perspectives"
"","","p","Reg. Stud.","","|","Regional Studies"
"","","p","Regulation","","|","Regulation"
"","","p","Res. Econ.","","|","Research in Economics"
"","","p","Res. Law Econ.","","|","Research in Law and Economics"
"","","p","Res. Pol.","","|","Research Policy"
"","","p","Resource Energy Econ.","","|","Resource and Energy Economics"
"","","p","Resources Energy","","|","Resources and Energy"
"","","p","Resources Pol.","","|","Resources Policy"
"","","p","Rev. Acc. Stud.","","|","Review of Accounting Studies"
"","","p","Rev. African Polit. Economy","","|","Review of African Political Economy"
"","","p","Rev. Agr. Econ.","","|","Review of Agricultural Economics"
"","","p","Rev. Austrian Econ.","","|","Review of Austrian Economics"
"","","p","Rev. Black Polit. Economy","","|","Review of Black Political Economy"
"","","p","Rev. Bus. Econ. Res.","","|","Review of Business and Economic Research"
"","","p","Rev. Derivatives Res.","","|","Review of Derivatives Research"
"","","p","Rev. Devel. Econ.","","|","Review of Development Economics"
"","","p","Rev. Econ. Cond. Italy","","|","Review of Economic Conditions in Italy"
"","","p","Rev. Econ. Design","","|","Review of Economic Design"
"","","p","Rev. Econ. Dynam.","","|","Review of Economic Dynamics"
"","","p","Rev. Econ. Stud.","","|","Review of Economic Studies"
"","","p","Rev. Econ. Statist.","","|","Review of Economics and Statistics"
"","","p","Rev. Finan. Econ.","","|","Review of Financial Economics"
"","","p","Rev. Finan. Stud.","","|","Review of Financial Studies"
"","","p","Rev. Income Wealth","","|","Review of Income and Wealth"
"","","p","Rev. Ind. Organ.","","|","Review of Industrial Organization"
"","","p","Rev. Int. Econ.","","|","Review of International Economics"
"","","p","Rev. Int. Polit. Economy","","|","Review of International Political Economy"
"","","p","Rev. Int. Stud.","","|","Review of International Studies"
"","","p","Rev. Marketing Agr. Econ.","","|","Review of Marketing and Agricultural Economics"
"","","p","Rev. Polit. Economy","","|","Review of Political Economy"
"","","p","Rev. Public Data Use","","|","Review of Public Data Use"
"","","p","Rev. Quant. Finance Acc.","","|","Review of Quantitative Finance and Accounting"
"","","p","Rev. Radical Polit. Econ.","","|","Review of Radical Political Economics"
"","","p","Rev. Reg. Stud.","","|","Review of Regional Studies"
"","","p","Rev. Soc. Economy","","|","Review of Social Economy"
"","","p","Rev. Urban Reg. Devel. Stud.","","|","Review of Urban and Regional Development Studies"
"","","p","Revista Brasileira Econ.","","|","Revista Brasileira de Economia"
"","","p","Revista Admin. Empresas","","|","Revista de Administracao d Empresas"
"","","p","Revista Anal. Econ.","","|","Revista de Analisis Economico"
"","","p","Revista Econ. Inst.","","|","Revista de Economia Institucional"
"","","p","Revista Econ. y Estadist.","","|","Revista de Economia y Estadistica, N.S."
"","","p","Revista Econ.","","|","Revista de Economia"
"","","p","Revista Econometria","","|","Revista de Econometria"
"","","p","Revista Econ. Aplicada","","|","Revista de Economia Aplicada"
"","","p","Revista Econ. Politica/Brazilian J. Polit. Economy","","|","Revista de Economia Politica/Brazilian Journal of Political Economy"
"","","p","Revista Econ. Politica","","|","Revista de Economia Politica"
"","","p","Revista Estadist.","","|","Revista de Estadistica"
"","","p","Revista Estud. Polit.","","|","Revista de Estudios Politicos"
"","","p","Revista Hist. Econ.","","|","Revista de Historia Economica"
"","","p","Revista Hist. Ind.","","|","Revista de Historia Industrial"
"","","p","Revista Fac. Cienc. Econ. Admin. Montevideo","","|","Revista de la Facultad de Ciencas Economicas y de Administracion de  Montevideo"
"","","p","Revista Espanola Econ.","","|","Revista Espanola de Economia"
"","","p","Revue Can. Sci. Admin./Can. J. Admin. Sci.","","|","Revue Canadienne des Sciences de l'Administration/Canadian Journal of Administrative Sciences"
"","","p","Revue Econ. Devel.","","|","Revue d'Economie du Developpement"
"","","p","Revue Econ. Financ.","","|","Revue d'Economie Financiere"
"","","p","Revue Econ. Ind.","","|","Revue d'Economie Industrielle"
"","","p","Revue Econ. Politique","","|","Revue d'Economie Politique"
"","","p","Revue Econ. Reg. Urbaine","","|","Revue d'Economie Regionale et Urbaine"
"","","p","Revue Etud. Compar. Est-Ouest","","|","Revue d'Etudes Comparatives Est-Ouest"
"","","p","Revue L'OFCE","","|","Revue de L'OFCE"
"","","p","Revue Sci. Financ.","","|","Revue de Science Financiere"
"","","p","Revue Econ. Madagascar","","|","Revue Economique de Madagascar"
"","","p","Revue Econ.","","|","Revue Economique"
"","","p","Revue Finance Controle Strategie","","|","Revue Finance Controle Strategie"
"","","p","Revue Francaise Econ.","","|","Revue Francaise d'Economie"
"","","p","Revue Francaise Gestion","","|","Revue Francaise de Gestion"
"","","p","Revue Roumaine Sci. Soc. Serie Sci. Econ.","","|","Revue Roumaine des Sciences Sociales; Serie Sciences Economiques"
"","","p","Revue Tiers Monde","","|","Revue Tiers Monde"
"","","p","Ricerche Econ.","","|","Ricerche Economiche"
"","","p","RISEC: Int. Rev. Econ. Bus.","","|","RISEC: International Review of Economics and Business"
"","","p","Risk Dec. Pol.","","|","Risk Decision and Policy"
"","","p","Rivista Politica Econ.","","|","Rivista di Politica Economica"
"","","p","Rivista Statist. Appl.","","|","Rivista di Statistica Applicata"
"","","p","Rivista Storia Econ., N.S.","","|","Rivista di Storia Economica, N.S."
"","","p","Rivista Int. Sci. Econ. Com.","","|","Rivista Internazionale di Scienze Economiche e Commerciali"
"","","p","Rivista Int. Sci. Soc.","","|","Rivista Internazionale di Scienze Sociali"
"","","p","Rivista Italiana Econ.","","|","Rivista Italiana degli Economisti"
"","","p","Russian E. Europ. Finance Trade","","|","Russian and East European Finance and Trade"
"","","p","Russian Econ. Trends","","|","Russian Economic Trends"
"","","p","Scand. Econ. Hist. Rev.","","|","Scandinavian Economic History Review"
"","","p","Scand. J. Econ.","","|","Scandinavian Journal of Economics"
"","","p","Schmollers Jahr.","","|","Schmollers Jahrbuch fur Wirtschafts- und Sozialwissenschaften"
"","","p","Schmollers Jahr.: Z. Wirtsch. Sozialwissen./J. Appl. Soc. Sci. Stud.","","|","Schmollers Jahrbuch: Zeitschrift fur Wirtschafts- und Sozialwissenschaften/Journal of Applied Social Science Studies"
"","","p","Schweiz. Nationalbank Quart.","","|","Schweizerische Nationalbank Quartalsheft"
"","","p","Schweiz. Z. Volkswirtsch. Statist./Swiss J. Econ. Statist.","","|","Schweizerische Zeitschrift fur Volkswirtschaft und Statistik/Swiss Journal of Economics and Statistics"
"","","p","Schweiz. Z. Volkswirtsch. Statist.","","|","Schweizerische Zeitschrift fur Volkswirtschaft und Statistik"
"","","p","Sci. Society","","|","Science and Society"
"","","p","Scot. J. Polit. Economy","","|","Scottish Journal of Political Economy"
"","","p","Seoul J. Econ.","","|","Seoul Journal of Economics"
"","","p","Singapore Econ. Rev.","","|","Singapore Economic Review"
"","","p","Skand. Banken Quart. Rev.","","|","Skandinaviska Banken Quarterly Review"
"","","p","Sloan Manage. Rev.","","|","Sloan Management Review"
"","","p","Small Bus. Econ.","","|","Small Business Economics"
"","","p","Soc. Econ. Stud.","","|","Social and Economic Studies"
"","","p","Soc. Choice Welfare","","|","Social Choice and Welfare"
"","","p","Soc. Res.","","|","Social Research"
"","","p","Soc. Sci. Japan J.","","|","Social Science Japan Journal"
"","","p","Soc. Sci. Quart.","","|","Social Science Quarterly"
"","","p","Soc. Sec. Bull.","","|","Social Security Bulletin"
"","","p","South African J. Econ. Manage. Sci., N.S.","","|","South African Journal of Economic and Management Sciences, N.S."
"","","p","South African J. Econ.","","|","South African Journal of Economics"
"","","p","Southern Econ. J.","","|","Southern Economic Journal"
"","","p","Southern J. Agr. Econ.","","|","Southern Journal of Agricultural Economics"
"","","p","Southern Quart.","","|","Southern Quarterly"
"","","p","Soviet E. Europ. Foreign Trade","","|","Soviet and Eastern European Foreign Trade"
"","","p","Soviet Economy","","|","Soviet Economy"
"","","p","Soviet Stud.","","|","Soviet Studies"
"","","p","Spanish Econ. Rev.","","|","Spanish Economic Review"
"","","p","Spoudai ","","|","Spoudai"
"","","p","Statistica","","|","Statistica"
"","","p","Statistical J.","","|","Statistical Journal"
"","","p","Statistical Pap.","","|","Statistical Papers"
"","","p","Statsokon. Tidsskr.","","|","Statsokonomisk Tidsskrift"
"","","p","Struct. Change Econ. Dynam.","","|","Structural Change and Economic Dynamics"
"","","p","Stud. Econ.","","|","Studi Economici"
"","","p","Stud. Econ. Finance","","|","Studies in Economics and Finance"
"","","p","Stud. Family Planning","","|","Studies in Family Planning"
"","","p","Stud. Nonlinear Dynam. Econometrics","","|","Studies in Nonlinear Dynamics and Econometrics"
"","","p","Stud. Cercet. Econ.","","|","Studii si Cercetari Economice"
"","","p","Suid-Afrikaanse Tydskr. Ekon. Bestuurswetenskappe/South African J. Econ. Manage. Sci., N.S.","","|","Suid-Afrikaanse Tydskrif vir Ekonomiese en Bestuurswetenskappe/South African Journal of Economic and Management Sciences, N.S."
"","","p","Suid-Afrikaanse Tydskr. Ekon. Bestuurswetenskappe/South African J. Econ. Manage. Sci.","","|","Suid-Afrikaanse Tydskrif vir Ekonomiese en Bestuurswetenskappe/South African Journal of Economic and Management Sciences"
"","","p","Supreme Court Econ. Rev.","","|","Supreme Court Economic Review"
"","","p","Surv. Curr. Bus.","","|","Survey of Current Business"
"","","p","Swedish Econ. Pol. Rev.","","|","Swedish Economic Policy Review"
"","","p","Swedish J. Econ.","","|","Swedish Journal of Economics"
"","","p","Swiss Polit. Sci. Rev.","","|","Swiss Political Science Review"
"","","p","Tahq. Eq.","","|","Tahqiqat-e eqtesadi (Quarterly Journal of Economic Research)"
"","","p","Taiwan Econ. Rev.","","|","Taiwan Economic Review"
"","","p","Teaching Bus. Econ.","","|","Teaching Business and Economics"
"","","p","Tech. Anal. Strategic Manage.","","|","Technology Analysis and Strategic Management"
"","","p","Tech. Cult.","","|","Technology and Culture"
"","","p","Telecommunications Pol.","","|","Telecommunications Policy"
"","","p","Theory Dec.","","|","Theory and Decision"
"","","p","Tijdschr. Econ. Manage.","","|","Tijdschrift voor Economie en Management"
"","","p","Tijdschr. Econ.","","|","Tijdschrift voor Economie"
"","","p","Tourism Hospitality Manage.","","|","Tourism and Hospitality Management"
"","","p","Tourism Econ.","","|","Tourism Economics"
"","","p","Trans-action","","|","Trans-action"
"","","p","Transnat. Corporations","","|","Transnational Corporations"
"","","p","Transp. J.","","|","Transportation Journal"
"","","p","Transp. Res.: Part A: Pol. Practice","","|","Transportation Research: Part A: Policy and Practice"
"","","p","Transp. Res.: Part B: Methodological","","|","Transportation Research: Part B: Methodological"
"","","p","Transp. Res.: Part D: Transport Environ.","","|","Transportation Research: Part D: Transport and Environment"
"","","p","Transp. Res.: Part E: Logist. Transp. Rev.","","|","Transportation Research: Part E: Logistics and Transporation Review"
"","","p","Transportation","","|","Transportation"
"","","p","Travail Emploi","","|","Travail et Emploi"
"","","p","Ukrainian Econ. Rev.","","|","Ukrainian Economic Review"
"","","p","UNCTAD Rev.","","|","UNCTAD Review"
"","","p","UN Mon. Chron.","","|","United Nations Monthly Chronicle"
"","","p","Univ. Missouri Bus. Govt. Rev.","","|","University of Missouri Business and Government Review"
"","","p","Univ. Wash. Bus. Rev.","","|","University of Washington Business Review"
"","","p","Urban Stud.","","|","Urban Studies"
"","","p","Venture Capital","","|","Venture Capital"
"","","p","Vierteljahrs. Wirtschaftsforschung","","|","Vierteljahrsheftze zur Wirtschaftsforschung"
"","","p","Water Resources Res.","","|","Water Resources Research"
"","","p","Weltwirtsch. Arch./Rev. World Econ.","","|","Weltwirtschaftliches Archiv/Review of World Economics"
"","","p","Weltwirtsch. Arch.","","|","Weltwirtschaftliches Archiv"
"","","p","Western Econ. J.","","|","Western Economic Journal"
"","","p","Western J. Agr. Econ.","","|","Western Journal of Agricultural Economics"
"","","p","Wirtsch. Recht","","|","Wirtschaft und Recht"
"","","p","Wirtschaftspolitische Blatter","","|","Wirtschaftspolitische Blatter"
"","","p","Wiss Z. Martin-Luther Univ. Halle-Wittenberg","","|","Wissenshaftliche Zeitschrift der Martin Luther Universitat Halle-Wittenberg"
"","","p","WorkingUSA","","|","WorkingUSA"
"","","p","World Bank Econ. Rev.","","|","World Bank Economic Review"
"","","p","World Bank Res. Observer","","|","World Bank Research Observer"
"","","p","World Devel.","","|","World Development"
"","","p","World Economy","","|","World Economy"
"","","p","Yale Econ. Essays","","|","Yale Economic Essays"
"","","p","Yale J. Regul.","","|","Yale Journal on Regulation"
"","","p","Yale Law J.","","|","Yale Law Journal"
"","","p","Yapi Kredi Econ. Rev.","","|","Yapi Kredi Economic Review"
"","","p","Yorkshire Bull. Econ. Soc. Res.","","|","Yorkshire Bull. Econ. Soc. Res."
"","","p","Zagreb Int. Rev. Econ. Bus.","","|","Zagreb International Review of Economics and Business"
"","","p","Zbornik Radova Ekon. Fakul. Rijeka","","|","Zbornik Radova Ekonomskog Fakulteta Rijeka"
"","","p","Zbornik Radova Ekon. Fakul. U. Rijeci/Proceed. Rijeka Sch. Econ.: J. Econ. Bus.","","|","Zbornik Radova Ekonomskog Fakulteta U. Rijeci/Proceedings of Rijeka School of Economics: Journal of Economics and Business"
"","","p","Z. Allg. Textile Marktwirtsch.","","|","Zeitschrift fur Allgemaine und Textile Marktwirts schaft"
"","","p","Z. Betriebswirtschaft","","|","Zeitschrift fur Betriebswirtschaft"
"","","p","Z. ges. Staatswissen. (JITE)","","|","Zeitschrift fur die gesamte Staatswissenschaft (JITE)"
"","","p","Z. Nationalokon.","","|","Zeitschrift fur Nationalokonomie"
"","","p","Z. Wirtsch. Sozialwissen.","","|","Zeitschrift fur Wirtschafts- und Sozialwissenschaften"
"","","p","Z. Wirtschaftspolitik","","|","Zeitschrift fur Wirtschaftspolitik"

