"","","","ACM Comput. Surv.","user-choice","|","ACM Computing Surveys (CSUR)"
"","","","ACM Comput. Surv.","user-choice","|","ACM Computing Surveys"
"","","","ACM Trans. Comput. Educ.","user-choice","|","ACM Transactions on Computing Education"
"","","","ACM Trans. Database Syst.","user-choice","|","ACM Transactions on Database Systems"
"","","","ACM Trans. Graph.","user-choice","|","ACM Trans. Graphics"
"","","","ACM Trans. Program. Lang. Syst.","user-choice","|","{ACM} Transactions on Programming Languages and Systems"
"","","","APMIS, Acta Pathol. Microbiol. Immunol. Scand.","user-choice","|","Apmis"
"","","","Abh. Braunschw. Wiss. Ges.","user-choice","|","Abhandlungen der Braunschweigischen Wissenschaftlichen Gesellschaft"
"","","","Abh. K\"{o}nigl. Ges. Wiss. G\"{o}ttingen","user-choice","|","Abhandlungen der k\"{o}niglichen Gesellschaft der Wissenschaften zu G\"{o}ttingen"
"","","","Acta Crystallogr., D","user-choice","|","Acta Crystallographica Section D"
"","","","Acta Inform.","user-choice","|","Acta Informatica"
"","","","Acta Mater.","user-choice","|","Acta Mater"
"","","","Acta Math. Acad. Sci. Hung.","user-choice","|","Acta. Math. Acad. Sci. Hung."
"","","","Acta Math. Acad. Sci. Hung.","user-choice","|","Acta. Math. Acad. Sci. Hungar."
"","","","Acta Math.","user-choice","|","Acta Mathematica"
"","","","Acta Numer.","user-choice","|","Acta Numerica"
"","","","Acta Psychol.","user-choice","|","Acta Psychologica"
"","","","Acta Soc. Sci. Fenn.","user-choice","|","Acta Soc. Scientiarium Fennicae"
"","","","Ad Hoc Netw. B","user-choice","|","Ad Hoc Networks, Part B"
"","","","Ad Hoc Netw.","user-choice","|","Ad Hoc Networks"
"","","","Adv. Complex Syst.","user-choice","|","Advances in Complex Systems"
"","","","Adv. Difference Equ.","user-choice","|","Adv. Difference Equ."
"","","","Adv. Difference Equ.","user-choice","|","Advances in Difference Equations"
"","","","Adv. Exp. Med. Biol.","user-choice","|","Adv. Exp. Med. Biol."
"","","","Adv. Exp. Med. Biol.","user-choice","|","Advances in Experimental Medicine and Biology"
"","","","Adv. Math.","user-choice","|","Adv. in Math."
"","","","Adv. Parallel Process. Technol.","user-choice","|","Advanced Parallel Processing Technologies"
"","","","Adv. Virus Res.","user-choice","|","Advances in Virus Research"
"","","","Aeronaut. J.","user-choice","|","Aeronautical Journal"
"","","","Algebra Log.","user-choice","|","Algebra and Logic"
"","","","Algebra Log.","user-choice","|","Algebra i Logika"
"","","","Am. J. Math.","user-choice","|","Amer. J. Math."
"","","","Am. J. Math.","user-choice","|","American Journal of Mathematics"
"","","","Am. J. Phys.","user-choice","|","American Journal of Physics"
"","","","Am. Math. Mon.","user-choice","|","Amer. Math. Month."
"","","","Am. Math. Mon.","user-choice","|","Amer. Math. Monthly"
"","","","Am. Math. Mon.","user-choice","|","American Mathematical Monthly"
"","","","Am. Math. Mon.","user-choice","|","The American Mathematical Monthly"
"","","","Am. Sci.","user-choice","|","American Scientist"
"","","","An. Univ. Oradea, Fasc. Mat.","user-choice","|","Analele Universitatii diin Oradea Fascicula Matematica"
"","","","Analysis","user-choice","|","Analysis (Munich)"
"","","","Ancient Philos.","user-choice","|","Ancient Philosophy"
"","","","Ann. Chim. Phys.","user-choice","|","Annales de Chimie et de Physique"
"","","","Ann. Discrete Math.","user-choice","|","Annals of Discrete Mathematics"
"","","","Ann. Hist. Comput.","user-choice","|","Ann. Hist. Comp."
"","","","Ann. Inst. Fourier","user-choice","|","Ann. Inst. Fourier (Grenoble)"
"","","","Ann. Inst. Fourier","user-choice","|","Ann. L'Inst. Fourier (Grenoble)"
"","","","Ann. Inst. Henri Poincar\'{e}","user-choice","|","Ann. Henri Poincar\'{e}"
"","","","Ann. Inst. Henri Poincar\'{e}, A Phys. Th\'{e}or.","user-choice","|","Ann. Inst. Henri Poincare A"
"","","","Ann. Mat. Pura Appl. (3)","user-choice","|","Annali di Matematica Pura e Applicata (3)"
"","","","Ann. Mat. Pura Appl. (3)","user-choice","|","Annali di Matematica pura ed applicata (3)"
"","","","Ann. Mat. Pura Appl.","user-choice","|","Annali di Matematica Pura ed Applicata"
"","","","Ann. Mat. Pura Appl.","user-choice","|","Annali di Matematica pura ed applicata"
"","","","Ann. Math. Pures Appl.","user-choice","|","Annales de Math\'ematiques pures et appliqu\'ees"
"","","","Ann. Math. Pures Appl.","user-choice","|","Annales de Math\'{e}matiques pures et appliqu\'{e}es"
"","","","Ann. Math. Stat.","user-choice","|","Annals of Mathematical Statistics"
"","","","Ann. Math. Stat.","user-choice","|","The Annals of Mathematical Statistics"
"","","","Ann. Math.","user-choice","|","Ann. of Math. (2)"
"","","","Ann. Math.","user-choice","|","Ann. of Math."
"","","","Ann. Math.","user-choice","|","Annals of Mathematics"
"","","","Ann. Neurol.","user-choice","|","Annals of Neurology"
"","","","Ann. Oper. Res.","user-choice","|","Annals of Operations Research"
"","","","Ann. Phys.","user-choice","|","Ann. Phys. (N. Y.)"
"","","","Ann. Phys.","user-choice","|","Ann. Phys. NY"
"","","","Ann. Phys.","user-choice","|","Annals Phys."
"","","","Ann. Phys.","user-choice","|","Annals of Physics"
"","","","Ann. Pol. Math.","user-choice","|","Annales Polonici Mathematici"
"","","","Ann. Sci.","user-choice","|","Annals of Science"
"","","","Ann. Stat.","user-choice","|","Annals of Statistics"
"","","","Ann. Storia Univ. Italiane","user-choice","|","Annali di Storia delle Universit\`{a} Italiane"
"","","","Ann. Univ. Grenoble","user-choice","|","Annales de l'Universit\'{e} de Grenoble"
"","","","Ann. Univ. Grenoble, Sect. Sci. Math. Phys.","user-choice","|","Annales de l'Universit\'{e} de Grenoble, Section sciences math\'{e}matiques et physiques"
"","","","Annu. Rev. Biochem.","user-choice","|","Annual Review of Biochemistry"
"","","","Annu. Rev. Chem. Biomol. Eng.","user-choice","|","Ann Rev Chem and Biomol Eng"
"","","","Annu. Rev. Condens. Matter Phys.","user-choice","|","Annual Review of Condensed Matter Physics"
"","","","Annu. Rev. Earth Planet. Sci.","user-choice","|","Annual Review of Virology"
"","","","Annu. Rev. Entomol.","user-choice","|","Annual Review of Entomology"
"","","","Annu. Rev. Environ. Resour.","user-choice","|","Annual Review of Environment and Resources"
"","","","Annu. Rev. Immunol.","user-choice","|","Annu Rev Immunol"
"","","","Annu. Rev. Microbiol.","user-choice","|","Annual Review of Microbiology"
"","","","Annu. Rev. Nucl. Part. Sci.","user-choice","|","Ann. Rev. Nucl. Part. Sci."
"","","","Annu. Rev. Virol.","user-choice","|","Annual Review of Virology"
"","","","Antimicrob. Agents Chemother.","user-choice","|","Antimicrob. Agents Chemother."
"","","","Antimicrob. Agents Chemother.","user-choice","|","Antimicrobial Agents and Chemotherapy"
"","","","Antivir. Chem. Chemother.","user-choice","|","Antiviral Chemistry \& Chemotherapy"
"","","","Antivir. Res.","user-choice","|","Antiviral Research"
"","","","Appl. Comput. Harmon. Anal.","user-choice","|","Applied and Computational Harmonic Analysis"
"","","","Appl. Gen. Topol.","user-choice","|","Applied Gen. Top."
"","","","Appl. Math. Lett.","user-choice","|","Applied Mathematics Letters"
"","","","Appl. Numer. Math.","user-choice","|","Applied Numerical Mathematics"
"","","","Appl. Phys. Lett.","user-choice","|","App. Phys. Lett."
"","","","Appl. Phys. Lett.","user-choice","|","Appl. Phys. Lett."
"","","","Arch. Gesamte Virusforsch.","user-choice","|","Archiv f\"{u}r die Gesamte Virusforschung"
"","","","Arch. Hist. Exact Sci.","user-choice","|","Archiv for History of Exact Sciences"
"","","","Arch. Hist. Exact Sci.","user-choice","|","Archive for History of Exact Sciences"
"","","","Arch. Hist. Exact Sci.","user-choice","|","Archive for History of the Exact Sciences"
"","","","Arch. Hist. Exact Sci.","user-choice","|","Archive for history of exact sciences"
"","","","Arch. Hist. Exact Sci.","user-choice","|","Archive for the History of Exact Science"
"","","","Arch. Hist. Exact Sci.","user-choice","|","Archive for the History of Exact Sciences"
"","","","Arch. Hist. Exact Sci.","user-choice","|","Archive for the History of the Exact Sciences"
"","","","Arch. Hist. Soc. Jesu","user-choice","|","Archivum Historicum Societatis Jesu"
"","","","Arch. Internat. d'Hist. Sci.","user-choice","|","Archives internationales d'histoire des sciences"
"","","","Arch. Math. Log.","user-choice","|","Archive for Mathematical Logic"
"","","","Arch. Math. Phys.","user-choice","|","Archiv der Mathematik und Physik"
"","","","Arch. Neurol. Psychiatry","user-choice","|","Archives of Neurology \& Psychiatry"
"","","","Arch. Psychologie","user-choice","|","Archives de Psychologie"
"","","","Arch. Virol.","user-choice","|","Archives of Virology"
"","","","Ars Comb.","user-choice","|","Ars Combinatoria"
"","","","Artif. Intell.","user-choice","|","Artificial Intelligence"
"","","","Astron. Astrophys.","user-choice","|","Astron. \& Astrophys."
"","","","Astron. Astrophys.","user-choice","|","Astronomy and Astrophysics"
"","","","Astron. J.","user-choice","|","Astronomical Journal"
"","","","Astropart. Phys.","user-choice","|","Astroparticle Physics"
"","","","Astrophys. J. Lett.","user-choice","|","AstroPhys. J Lett."
"","","","Astrophys. J. Suppl. Ser.","user-choice","|","AstroPhys. J Supp."
"","","","Astrophys. J.","user-choice","|","AstroPhys. J"
"","","","Astrophys. J.","user-choice","|","AstroPhys. J."
"","","","Astrophys. J.","user-choice","|","Astrophys, J."
"","","","Astrophys. J.","user-choice","|","Astrophys. J"
"","","","Astrophys. J.","user-choice","|","The Astrophysical Journal"
"","","","Astrophys. Space Sci. Trans.","user-choice","|","Astrophysics and Space Sciences"
"","","","Asymptot. Anal.","user-choice","|","Asymptotic Analysis"
"","","","Atti R. Accad. Sci. Torino","user-choice","|","Atti R. Acc. Sci. Torino"
"","","","Atti R. Accad. Sci. Torino","user-choice","|","Atti della Reale Accademia delle Scienze di Torino"
"","","","Aust. J. Entomol.","user-choice","|","Australian Journal of Entomology"
"","","","Aust. J. Sci.","user-choice","|","The Australian Journal of Science"
"","","","Australas. J. Phylos.","user-choice","|","Australasian Journal of Philosophy"
"","","","BIT Numer. Math.","user-choice","|","BIT Numerical Mathematics"
"","","","BSHM Bull.","user-choice","|","BSHM Bulletin"
"","","","BSHM Bull.","user-choice","|","BSHM Bulletin: Journal of the British Society for the History of Mathematics"
"","","","BSHM Bull.: J. British Soc. Hist. Math.","user-choice","|","BSHM Bulletin: Journal of the British Society for the History of Mathematics"
"","","","BSHM Newsl.","user-choice","|","BSHM Newsletter"
"","","","Behav. Brain Sci.","user-choice","|","Behav. Brain Sci."
"","","","Behav. Brain Sci.","user-choice","|","Behavioral and Brain Sciences"
"","","","Ber. K\"{o}nigl. Polytechn. Sch. M\"{u}nchen","user-choice","|","Bericht \"{u}ber die K\"{o}niglichen Polytechnische Schule zu M\"{u}nchen"
"","","","Bibl. math.","user-choice","|","Bibliotheca mathematica"
"","","","BioControl","user-choice","|","Biocontrol"
"","","","Biochem. Biophys. Res. Commun.","user-choice","|","Biochem. Biophys. Res. Commun."
"","","","Biochem. Biophys. Res. Commun.","user-choice","|","Biochemical and Biophysical Research Communications"
"","","","Biochem. Soc. Trans.","user-choice","|","Biochemical Society Transactions"
"","","","Biochemistry","user-choice","|","Biochemistry"
"","","","Biochim. Biophys. Acta","user-choice","|","Biochim. Biophys. Acta"
"","","","Biochim. Biophys. Acta","user-choice","|","Biochimica et Biophysica Acta"
"","","","Biogr. Mem. Fellows R. Soc.","user-choice","|","Biographical Memoirs of Fellows of the Royal Society"
"","","","Biogr. Mem. Fellows R. Soc.","user-choice","|","Biographical Memoirs of Fellows the Royal Society"
"","","","Biographical Memoirs. Natl. Acad. Sci.","user-choice","|","Biographical Memoirs. National Academy of Sciences"
"","","","Biol. Bull.","user-choice","|","The Biological Bulletin"
"","","","Biol. Conserv.","user-choice","|","Biological Conservation"
"","","","Biol. Control","user-choice","|","Biological Control"
"","","","Biomaterials","user-choice","|","Biomaterials"
"","","","Bioorg. Med. Chem. Lett.","user-choice","|","Bioorganic \& Medicinal Chemistry Letters"
"","","","Biophys. J.","user-choice","|","Biophys J"
"","","","Biophys. J.","user-choice","|","Biophys. J."
"","","","Biosystems","user-choice","|","BioSystems"
"","","","Boll. Storia Sci. Mat.","user-choice","|","Bollettino di Storia delle Scienze Matematiche"
"","","","Boll. Storia Sci. Mat.","user-choice","|","Bollettino di storia delle scienze matematiche"
"","","","Boll. Unione Mat. Ital.","user-choice","|","Bollettino dell'Unione Matematica Italiana"
"","","","Boll. Unione Mat. Ital., A","user-choice","|","B. Unione Mat. Ital. (Sezione A)"
"","","","Boston Stud. Philos. Sci.","user-choice","|","Boston studies in the philosophy of science"
"","","","Br. J. Hist. Sci.","user-choice","|","British Journal for the History of Science"
"","","","Br. J. Hist. Sci.","user-choice","|","The British Journal for the History of Science"
"","","","Br. J. Philos. Sci.","user-choice","|","British Journal for the Philosophy of Science"
"","","","Br. J. Philos. Sci.","user-choice","|","The British Journal for the Philosophy of Science"
"","","","Bull. Am. Math. Soc.","user-choice","|","Bull. A.M.S."
"","","","Bull. Am. Math. Soc.","user-choice","|","Bull. Amer. Math. Soc."
"","","","Bull. Am. Math. Soc.","user-choice","|","Bulletin of the American Mathematical Society"
"","","","Bull. Chinese Stud.","user-choice","|","Bulletin of Chinese Studies"
"","","","Bull. Inst. Math. Acad. Sin.","user-choice","|","Bull. Inst. Math. Acad. Sinica"
"","","","Bull. Liberal Arts Educ. Center","user-choice","|","The Bulletin of Liberal Arts Education Center"
"","","","Bull. Lond. Math. Soc.","user-choice","|","Bull. London Math. Soc."
"","","","Bull. Lond. Math. Soc.","user-choice","|","Bulletin of the London Mathematical Society"
"","","","Bull. Math. Biol.","user-choice","|","Bull Math Biol"
"","","","Bull. New-York Math. Soc.","user-choice","|","Bulletin of the New-York Mathematical Society"
"","","","Bull. Russ. Acad. Sci., Phys.","user-choice","|","Bulletin of the Russian Academy of Science, Phys."
"","","","Bull. Sabix","user-choice","|","Bulletin de la Sabix"
"","","","Bull. Soc. Math. Fr.","user-choice","|","Bull. Soc. Math. France"
"","","","Bull. Soc. Math. Fr.","user-choice","|","Bulletin de la Soci\'et\'e math\'ematique de France"
"","","","Bull. Soc. Math. France","user-choice","|","Bulletin de la Soci\'{e}te\'{e} Math\'{e}matique de France"
"","","","Bull. Symb. Log.","user-choice","|","Bull. Symbolic Logic"
"","","","Bull. Symb. Log.","user-choice","|","Bulletin of Symbolic Logic"
"","","","Bull. Symb. Log.","user-choice","|","The Bulletin of Symbolic Logic"
"","","","Bull., New Ser., Am. Math. Soc.","user-choice","|","AMS bulletin"
"","","","Bull., New Ser., Am. Math. Soc.","user-choice","|","Bull. Amer. Math. Soc. (N. S.)"
"","","","Bull., New Ser., Am. Math. Soc.","user-choice","|","Bull. Amer. Math. Soc. (N.S.)"
"","","","Bus. Hist. Rev.","user-choice","|","Business History Review"
"","","","C. R. Acad. Sci.","user-choice","|","C. R. Acad. Sci."
"","","","C. R. Acad. Sci.","user-choice","|","Comptes Rendus de l'Academie des Sciences"
"","","","C. R. Acad. Sci.","user-choice","|","Comptes Rendus des s\'{e}ances de l'Acad\'{e}mie des Sciences"
"","","","C. R. Acad. Sci., S\'{e}r. 2, M\'{e}c. Phys. Chim. Astron.","user-choice","|","C. R. Acad. Sci. (Paris) B"
"","","","C. R. Hebd. S\'{e}ances Acad. Sci.","user-choice","|","Comptes rendus hebdomadaires des s\'{e}ances de l'Acad\'{e}mie des sciences"
"","","","C. R. Seances Acad. Sci.","user-choice","|","Comptes rendus des seances de l'Acad\'emie des sciences"
"","","","Camb. Philos. Soc. Trans.","user-choice","|","Cambridge Philosophical Society Transactions"
"","","","Cambridge and Dublin Math. J.","user-choice","|","Cambridge and Dublin mathematical Journal"
"","","","Cambridge and Dublin Math. J.","user-choice","|","The Cambridge and Dublin Mathematical Journal"
"","","","Cambridge and Dublin Messenger Math.","user-choice","|","Cambridge and Dublin Messenger of Mathematics"
"","","","Can. J. Fish. Aquat. Sci.","user-choice","|","Can. J. Fish. Aquatic. Sci."
"","","","Can. J. Math.","user-choice","|","Canad. J. Math."
"","","","Can. J. Math.","user-choice","|","Canadian J. of Math."
"","","","Can. J. Phys.","user-choice","|","Can. J. Phys."
"","","","Can. Math. Bull.","user-choice","|","Canad. Math. Bull."
"","","","Can. Math. Bull.","user-choice","|","Canadian Math. Bull."
"","","","Cancer Immunol. Immunother.","user-choice","|","Cancer Immunology Immunotherapy"
"","","","Cancer Res.","user-choice","|","Cancer Res."
"","","","Cancer Sci.","user-choice","|","Cancer Sci."
"","","","Cell Commun. Signal.","user-choice","|","Cell communication and Signaling"
"","","","Cell Host Microbe","user-choice","|","Cell Host Microbe"
"","","","Cell Rep.","user-choice","|","Cell Rep"
"","","","Cell Res.","user-choice","|","Cell Res."
"","","","Cell Res.","user-choice","|","Cell Research"
"","","","Cell","user-choice","|","Cell"
"","","","Cell","user-choice","|","Cell."
"","","","Cell. Mol. Life Sci.","user-choice","|","Cell. Mol. Life Sci."
"","","","Cell. Mol. Life Sci.","user-choice","|","Cellular and Molecular Life Sciences"
"","","","Cell. Signal.","user-choice","|","Cell Signal."
"","","","Cell. Signal.","user-choice","|","Cell. Signal."
"","","","Cereb. Cortex","user-choice","|","Cereb. Cortex"
"","","","Cereb. Cortex","user-choice","|","Cerebral Cortex"
"","","","Chaos Solitons Fractals","user-choice","|","Chaos, Solitons \& Fractals"
"","","","Chaos Solitons Fractals","user-choice","|","Chaos, Solitons and Fractals"
"","","","Chem. Biol.","user-choice","|","Chemistry \& Biology"
"","","","Chem. Commun.","user-choice","|","Chemical Communications"
"","","","Chem. Rev.","user-choice","|","Chemical Reviews"
"","","","Class. Quantum Gravity","user-choice","|","Class. Quant. Grav."
"","","","Class. Quantum Gravity","user-choice","|","Class. Quantum Grav."
"","","","Clin. Microbiol. Rev.","user-choice","|","Clinical Microbiology Reviews"
"","","","Cogn. Neuropsychol.","user-choice","|","Cognitive Neuropsychology"
"","","","Comment. Math. Helv.","user-choice","|","Commentarii Mathematici Helvetici"
"","","","Comment. Math. Univ. Carol.","user-choice","|","Comm. Math. Univ. Carolinae"
"","","","Comment. Math. Univ. Carol.","user-choice","|","Commun. Math. Univ. Carolinae"
"","","","Commun. ACM","user-choice","|","Comm. ACM"
"","","","Commun. ACM","user-choice","|","Comm. of the ACM"
"","","","Commun. ACM","user-choice","|","Commun. ACM"
"","","","Commun. ACM","user-choice","|","Communications of the ACM"
"","","","Commun. Algebra","user-choice","|","Comm. Algebra"
"","","","Commun. Comput. Inf. Sci.","user-choice","|","Communications in Computer and Information Science"
"","","","Commun. Comput. Phys.","user-choice","|","Communications in Computational Physics"
"","","","Commun. Math. Phys.","user-choice","|","Comm. Math. Phys."
"","","","Commun. Math. Sci.","user-choice","|","Commun. Math. Sci"
"","","","Commun. Math. Sci.","user-choice","|","Communications in Mathematical Sciences"
"","","","Commun. Partial Differ. Equ.","user-choice","|","Comm. Partial Differential Equations"
"","","","Commun. Partial Differ. Equ.","user-choice","|","Commun Partial Differ Equ"
"","","","Commun. Pure Appl. Math.","user-choice","|","Comm. Pure Appl. Math."
"","","","Comput. Aided Geom. Des.","user-choice","|","Comput. Aided Geom. Design"
"","","","Comput. Aided Geom. Des.","user-choice","|","Computer-Aided Geom. Design"
"","","","Comput. Commun.","user-choice","|","Computer Communications"
"","","","Comput. Complex.","user-choice","|","Comput. Complexity"
"","","","Comput. Graph. Forum","user-choice","|","Computer Graphics Forum"
"","","","Comput. J.","user-choice","|","Computer Journal"
"","","","Comput. Model. Eng. Sci.","user-choice","|","CMES Comput. Model. Eng. Sci."
"","","","Comput. Oper. Res.","user-choice","|","Computers {\&} OR"
"","","","Comput. Sch.","user-choice","|","Computers in the Schools"
"","","","Computer Surv.","user-choice","|","Computer Surveys"
"","","","Computer","user-choice","|","IEEE Computer"
"","","","Confluent. Math.","user-choice","|","Confluentes Mathematici"
"","","","Congr. Numer.","user-choice","|","Congressus Numerantium"
"","","","Constraints","user-choice","|","Constraints"
"","","","Crop Prot.","user-choice","|","Crop Protection"
"","","","Cultur. Social Hist.","user-choice","|","Cultural and Social History"
"","","","Curr. Biol.","user-choice","|","Curr. Biol."
"","","","Curr. Biol.","user-choice","|","Current Biology"
"","","","Curr. Med. Chem.","user-choice","|","Current Medicinal Chemistry"
"","","","Curr. Mol. Pharmacol.","user-choice","|","Curr. Mol. Pharmacol."
"","","","Curr. Opin. Immunol.","user-choice","|","Curr Opin Immunol"
"","","","Curr. Opin. Microbiol.","user-choice","|","Current Opinion in Microbiology"
"","","","Curr. Opin. Neurobiol.","user-choice","|","Curr Opin Neurobiol"
"","","","Curr. Opin. Neurobiol.","user-choice","|","Current Opinion in Neurobiology"
"","","","Curr. Opin. Struct. Biol.","user-choice","|","Current Opinion in Structural Biology"
"","","","Curr. Opin. Virol.","user-choice","|","Curr Opin Virol"
"","","","Curr. Opin. Virol.","user-choice","|","Current Opinion in Virology"
"","","","Curr. Top. Med. Chem.","user-choice","|","Current Topics in Medicinal Chemistry"
"","","","Curr. Top. Microbiol. Immunol.","user-choice","|","Curr Top Microbiol Immunol"
"","","","Curr. Top. Microbiol. Immunol.","user-choice","|","Current Topics in Microbiology and Immunology"
"","","","Cytokine Growth Factor Rev.","user-choice","|","Cytokine \& Growth Factor Reviews"
"","","","DIMACS Ser. Discret. Math. Theor. Comput. Sci.","user-choice","|","DIMACS Series in Discrete Mathematics and Theoretical Computer Science"
"","","","Deep-Sea Res., A, Oceanogr. Res. Pap.","user-choice","|","J. ACM"
"","","","Des. Codes Cryptogr.","user-choice","|","Designs, Codes and Cryptography"
"","","","Dev. Biol.","user-choice","|","Developments in Biologicals"
"","","","Dev. Sci.","user-choice","|","Developmental Science"
"","","","Development","user-choice","|","Development."
"","","","Dialogues Clin. Neurosci.","user-choice","|","Dialogues Clin Neurosci"
"","","","Differ. Equ. Appl.","user-choice","|","Differ Equ Appl"
"","","","Differ. Equ.","user-choice","|","Differential Equations"
"","","","Differ. Geom. Appl.","user-choice","|","Diff. Geom. Appl."
"","","","Differ. Geom. Appl.","user-choice","|","Differential Geom. Appl."
"","","","Differ. Geom. Appl.","user-choice","|","Differential Geometry and its Applications"
"","","","Differ. Integral Equ.","user-choice","|","Differential Integral Equations"
"","","","Discrete Appl. Math.","user-choice","|","Discrete Applied Mathematics"
"","","","Discrete Contin. Dyn. Syst., Ser. B","user-choice","|","Discrete Contin Dyn Syst, Ser B"
"","","","Discrete Math.","user-choice","|","Discrete Math"
"","","","Discrete Math.","user-choice","|","Discrete Mathematics"
"","","","Diseas. Aquatic Organisms","user-choice","|","Diseases of Aquatic Organisms"
"","","","Diskretn. Anal.","user-choice","|","Diskret Analiz"
"","","","Doc. Math.","user-choice","|","Documenta Mathematica"
"","","","Dokl. Akad. Nauk SSSR","user-choice","|","Dokl. Akad. Nauk SSSR"
"","","","Dokl. Bolg. Akad. Nauk","user-choice","|","Compt. Rend. Acad. Bulg. Sci."
"","","","EMBO J.","user-choice","|","EMBO J."
"","","","EMBO J.","user-choice","|","EMBO Journal"
"","","","EMBO J.","user-choice","|","The EMBO Journal"
"","","","East Asian Sci. Technol. Society","user-choice","|","East Asian Science, Technology and Society"
"","","","Ecol. Indic.","user-choice","|","Ecol. Indicat."
"","","","Edinburgh Rev.","user-choice","|","Edinburgh Review"
"","","","Edinburgh Rev.","user-choice","|","Edinburgh review"
"","","","Electr. Power Syst. Res.","user-choice","|","Electric Power Systems Research"
"","","","Electron. J. Comb.","user-choice","|","Electronic Journal of Combinatorics"
"","","","Elife","user-choice","|","Elife"
"","","","Emerg. Infect. Dis.","user-choice","|","Emerg. Infect. Dis."
"","","","Emerg. Infect. Dis.","user-choice","|","Emerging Infectious Diseases"
"","","","Enseign. Math. 2nd ser.","user-choice","|","L'Enseignement mathematique 2nd ser."
"","","","Enseign. Math.","user-choice","|","L'Enseignement Math\'{e}matique"
"","","","Ergeb. Math. Ihrer Grenzgeb.","user-choice","|","Ergebnisse der Mathematik und ihrer Grenzgebiete. 3. Folge. A Series of Modern Surveys in Mathematics"
"","","","Ergod. Theory Dyn. Syst.","user-choice","|","Ergod. Theory and Dynamical Syst."
"","","","Eur. J. Agron.","user-choice","|","European Journal of Agronomy"
"","","","Eur. J. Appl. Math.","user-choice","|","Euro. Jnl of Applied Mathematics"
"","","","Eur. J. Appl. Math.","user-choice","|","European Journal of Applied Mathematics"
"","","","Eur. J. Comb.","user-choice","|","European Journal of Combinatorics"
"","","","Eur. J. Med. Chem.","user-choice","|","European Journal of Medicinal Chemistry"
"","","","Eur. J. Neurosci.","user-choice","|","European Journal of Neuroscience"
"","","","Eur. Phys. J. H","user-choice","|","European Physical Journal H"
"","","","Eur. Trans. Emerg. Telecommun. Technol.","user-choice","|","The European Transactions on Emerging Telecommunications Technologies"
"","","","Euro Surveill.","user-choice","|","Euro Surveill."
"","","","Euro Surveill.","user-choice","|","Eurosurveillance"
"","","","Europhys. Lett.","user-choice","|","Europhys. Lett."
"","","","Europhys. Lett.","user-choice","|","Europhysics Letters"
"","","","Exp. Gerontol.","user-choice","|","Exp. Gerontol."
"","","","Expo. Math.","user-choice","|","Expositiones Mathematicae"
"","","","FASEB J.","user-choice","|","FASEB J."
"","","","FEBS J.","user-choice","|","The FEBS Journal"
"","","","FEBS Lett.","user-choice","|","FEBS Lett."
"","","","FEBS Lett.","user-choice","|","FEBS Letters"
"","","","FEBS Lett.","user-choice","|","Febs Letters"
"","","","Farhang: Q. J. Humanities Cult. Stud.","user-choice","|","Farhang: Quarterly Journal of Humanities and Cultural Studies"
"","","","Fluct. Noise Lett.","user-choice","|","Fluctuation and Noise Letters"
"","","","Fortschr. Phys.","user-choice","|","Fortsch. Phys."
"","","","Found. Sci.","user-choice","|","Foundations of Science"
"","","","Fundam. Inform.","user-choice","|","Fundamenta Informaticae"
"","","","Fundam. Math.","user-choice","|","Fund. Math."
"","","","Fundam. Math.","user-choice","|","Fundamenta Mathematicae"
"","","","Funkc. Anal. Prilozh.","user-choice","|","Funktsional. Anal. i Prilozhen."
"","","","Fuzzy Sets Syst.","user-choice","|","Fuzzy Sets Syst."
"","","","Gaz. Math.","user-choice","|","Gazette des Math\'{e}maticiens"
"","","","Genetics","user-choice","|","Genetics."
"","","","Geom. Dedic.","user-choice","|","Geom. Dedicata"
"","","","Geom. Dedic.","user-choice","|","Geometriae Dedicata"
"","","","Geophys. Prospect.","user-choice","|","Geophysical Prospecting"
"","","","Glas. Mat.","user-choice","|","Glasnik Matemati\v{c}ki"
"","","","Graphs Comb.","user-choice","|","Graphs Combin"
"","","","Gravit. Cosmol.","user-choice","|","Grav. Cosmol."
"","","","Gravit. Space Biol. Bull.","user-choice","|","Gravit. Space Biol. Bull."
"","","","High Energy Phys. Nucl. Phys.","user-choice","|","HEP \& NP"
"","","","Hist. Educ.","user-choice","|","Histoire de l'\'{e}ducation"
"","","","Hist. Math.","user-choice","|","Historia Math."
"","","","Hist. Math.","user-choice","|","Historia Mathematica"
"","","","Hist. Math.","user-choice","|","Historia mathematica"
"","","","Hist. Philos. Logic","user-choice","|","History and Philosophy of Logic"
"","","","Hist. Philos. Modern Math.","user-choice","|","History and Philosophy of Modern Mathematics"
"","","","Hist. Sci.","user-choice","|","Historia Scientarum"
"","","","Hist. Sci.","user-choice","|","Historia Scientiarum"
"","","","Hist. Sci.","user-choice","|","History of Science"
"","","","Hist. Stud. Phys. Sci.","user-choice","|","Historical Studies in the Physical Sciences"
"","","","Hist. Theory","user-choice","|","History and Theory"
"","","","History Sci.","user-choice","|","History of Science"
"","","","Hum. Brain Mapp.","user-choice","|","Hum Brain Mapp"
"","","","Humanistica: Int. J. Early Renaissance Stud.","user-choice","|","Humanistica: An International Journal of Early Renaissance Studies"
"","","","IEE Proc.","user-choice","|","IEE Proceedings"
"","","","IEEE Ann. Hist. Comput.","user-choice","|","IEEE Ann. Hist. Comp."
"","","","IEEE Ann. Hist. Comput.","user-choice","|","IEEE Annals for the History of Computing"
"","","","IEEE Ann. Hist. Comput.","user-choice","|","IEEE Annals of the History of Computing"
"","","","IEEE J. Quantum Electron.","user-choice","|","IEEE J. Quantum Electron. QE"
"","","","IEEE J. Quantum Electron.","user-choice","|","IEEE Journal of Quantum Electronics"
"","","","IEEE J. Sel. Areas Commun.","user-choice","|","IEEE Journal on Selected Areas in Communications"
"","","","IEEE Pers. Commun.","user-choice","|","Personal Communications, IEEE"
"","","","IEEE Softw.","user-choice","|","IEEE Software"
"","","","IEEE Trans. Appl. Supercond.","user-choice","|","IEEE Trans. Appl. Superc."
"","","","IEEE Trans. Autom. Control","user-choice","|","{IEEE} Transactions on Automatic Control"
"","","","IEEE Trans. Commun.","user-choice","|","IEEE Transactions on Communications"
"","","","IEEE Trans. Comput.","user-choice","|","IEEE Transactions on Computers"
"","","","IEEE Trans. Comput.","user-choice","|","IEEE transactions on computers"
"","","","IEEE Trans. Evol. Comput.","user-choice","|","IEEE Transactions on Evolutionary Computation"
"","","","IEEE Trans. Inf. Theory","user-choice","|","Information Theory, IEEE Transactions"
"","","","IEEE Trans. Intell. Transp. Syst.","user-choice","|","IEEE Transactions on Intelligent Transportation Systems"
"","","","IEEE Trans. Knowl. Data Eng.","user-choice","|","IEEE Transactions on Knowledge and Data Engineering"
"","","","IEEE Trans. Mob. Comput.","user-choice","|","IEEE Transactions on Mobile Computing"
"","","","IEEE Trans. Softw. Eng.","user-choice","|","IEEE T. Software Eng."
"","","","IEEE Trans. Softw. Eng.","user-choice","|","IEEE Transaction on Software on software Engineering"
"","","","IEEE Trans. Softw. Eng.","user-choice","|","IEEE Transactions on Software Engineering"
"","","","IEEE Trans. Veh. Technol.","user-choice","|","IEEE Transactions on Vehicular Technology"
"","","","IEEE Veh. Technol. Mag.","user-choice","|","IEEE Vehicular Technology Magazine"
"","","","IIE Trans.","user-choice","|","IIE Transactions"
"","","","IMA J. Appl. Math.","user-choice","|","IMA Journal of Applied Mathematics"
"","","","IMA J. Numer. Anal.","user-choice","|","IMA Journal of Numerical Analysis"
"","","","Image Process. On Line","user-choice","|","Image Process. On Line"
"","","","Immunity","user-choice","|","Immunity"
"","","","Immunobiology","user-choice","|","Immunobiology"
"","","","Indian J. Agricultural Sci.","user-choice","|","Indian Journal of Agricultural Sciences"
"","","","Inf. Process. Lett.","user-choice","|","Information Processing Letters"
"","","","Inf. Softw. Technol.","user-choice","|","Information and Software Technology"
"","","","Infect. Disord. Drug Targets","user-choice","|","Infect Disord Drug Targets"
"","","","Informatica","user-choice","|","Informatica Journal"
"","","","Innes Rev.","user-choice","|","Innes Review"
"","","","Int. J. Comput. Math.","user-choice","|","International Journal of Computer Mathematics"
"","","","Int. J. Differ. Equ.","user-choice","|","International Journal of Difference Equations"
"","","","Int. J. Exp. Algorithms","user-choice","|","International Journal of Experimental Algorithms"
"","","","Int. J. Found. Comput. Sci.","user-choice","|","Intern. J. Found. Computer Sci."
"","","","Int. J. Found. Comput. Sci.","user-choice","|","International Journal of Foundations of Computer Science"
"","","","Int. J. Game Theory","user-choice","|","International Journal of Game Theory"
"","","","Int. J. Hum.-Comput. Stud.","user-choice","|","International Journal of Human-Computer Studies"
"","","","Int. J. Intell. Comput. Inf. Sci.","user-choice","|","International Journal of Intelligent Computing and Information Sciences"
"","","","Int. J. Math. Educ. Sci. Technol.","user-choice","|","International Journal of Mathematical Education, Science \& Technology"
"","","","Int. J. Math.","user-choice","|","Int. J. of Math."
"","","","Int. J. Mod. Phys. E","user-choice","|","Intn. Jour. Mod. Phys. E"
"","","","Int. J. Number Theory","user-choice","|","International Journal of Number Theory"
"","","","Int. J. Numer. Methods Eng.","user-choice","|","Int. J. Numer. Meth. Engng."
"","","","Int. J. Numer. Methods Eng.","user-choice","|","International Journal for Numerical Methods in Engineering"
"","","","Int. J. Radiat. Biol.","user-choice","|","Int J. Radiat. Biol."
"","","","Int. J. Radiat. Oncol. Biol. Phys.","user-choice","|","Int. J. Radiat. Biol."
"","","","Int. J. Radiat. Oncol. Biol. Phys.","user-choice","|","Int. J. Radiat. Oncol. Biol. Phys."
"","","","Int. J. Theor. Phys.","user-choice","|","Int. J. Theor. Phys."
"","","","Int. Logic Rev.","user-choice","|","International Logic Review"
"","","","Int. Mater. Rev.","user-choice","|","Int. Mat. Rev."
"","","","Int. Ser. Monogr. Phys.","user-choice","|","International Series of Monographs on Physics"
"","","","Integral Equ. Oper. Theory","user-choice","|","Integr. Equ. Oper. Theory"
"","","","Interdiscip. Toxicol.","user-choice","|","Interdisciplinary Toxicology"
"","","","Internat. Social Sci. J.","user-choice","|","International Social Science Journal"
"","","","Invent. Math.","user-choice","|","Invent Math."
"","","","Isis","user-choice","|","Isis"
"","","","Isr. J. Math.","user-choice","|","Israel J. Math."
"","","","Isr. J. Math.","user-choice","|","Israel J. of Math."
"","","","Istor.-Mat. Issled.","user-choice","|","Istor.-Mat. Issled."
"","","","Istor.-Mat. Zb.","user-choice","|","Istor.-Mat. Zb."
"","","","Izv. Akad. Nauk SSSR","user-choice","|","Izv. Akad. Nauk SSSR"
"","","","Izv. Akad. Nauk SSSR, Ser. Mat.","user-choice","|","Izv. Akad. Nauk SSSR Ser. Mat."
"","","","Izv. Vys\v{s}. U\v{c}ebn. Zaved., Mat.","user-choice","|","Izv. Vyssh. Uchebn. Zaved. Mat."
"","","","J.  Renaissance","user-choice","|","Le Journal de la Renaissance"
"","","","J. ACM","user-choice","|","Journal of the ACM"
"","","","J. Abnorm. Soc. Psychol.","user-choice","|","The Journal of Abnormal and Social Psychology"
"","","","J. Algebra","user-choice","|","Journal of Algebra"
"","","","J. Algorithms","user-choice","|","Journal of Algorithms"
"","","","J. Alloys Compd.","user-choice","|","Journal of Zhejiang University (Humanities and Social Science)"
"","","","J. Am. Math. Soc.","user-choice","|","J. Amer. Math. Soc."
"","","","J. Am. Stat. Assoc.","user-choice","|","Journal of the American Statistical Association"
"","","","J. Anal. Math.","user-choice","|","J. Analyse Math."
"","","","J. Appl. Microbiol.","user-choice","|","J Appl Microbiol"
"","","","J. Appl. Phys.","user-choice","|","\xch{J. Appl. Phys.}{Appl. Phys.}"
"","","","J. Approx. Theory","user-choice","|","Journal of Approximation Theory"
"","","","J. Asiat.","user-choice","|","Journal asiatique"
"","","","J. Aust. Math. Soc. Ser. B, Appl. Math","user-choice","|","J. Austral. Math. Soc. Ser. B: Appl. Math."
"","","","J. Aust. Math. Soc.","user-choice","|","Journal of the Australian Mathematical Society"
"","","","J. Autom. Lang. Comb.","user-choice","|","Journal of Automata, Languages and Combinatorics"
"","","","J. Bacteriol.","user-choice","|","J Bacteriol"
"","","","J. Biochem. Molec. Biol.","user-choice","|","Journal of Biochemistry and Molecular Biology"
"","","","J. Biochem.","user-choice","|","J Biochem"
"","","","J. Biol. Chem.","user-choice","|","J Biol Chem"
"","","","J. Biol. Chem.","user-choice","|","J. Biol. Chem."
"","","","J. Biol. Chem.","user-choice","|","Journal of Biological Chemistry"
"","","","J. Biomed. Sci.","user-choice","|","J Biomed Sci"
"","","","J. Biomed. Sci.","user-choice","|","J. Biomed. Sci."
"","","","J. Chem. Ecol.","user-choice","|","Journal of Chemical Ecology"
"","","","J. Clin. Virol.","user-choice","|","J Clin Virol"
"","","","J. Cogn. Sci.","user-choice","|","Journal of Cognitive Science"
"","","","J. Comb. Optim.","user-choice","|","Journal of Combinatorial Optimization"
"","","","J. Comb. Theory","user-choice","|","Journal of Combinatorial Theory"
"","","","J. Comb. Theory, Ser. A","user-choice","|","Journal of Combinatorial Theory Series A"
"","","","J. Comb. Theory, Ser. B","user-choice","|","J. Combin Theory Ser B."
"","","","J. Comb. Theory, Ser. B","user-choice","|","Journal of Combinatorial Theory, Series B"
"","","","J. Commut. Algebra","user-choice","|","Journal of Commutative Algebra"
"","","","J. Comp. Neurol.","user-choice","|","The Journal of Comparative Neurology"
"","","","J. Comput. Appl. Math.","user-choice","|","J. Comput. and Appl. Math."
"","","","J. Comput. Appl. Math.","user-choice","|","J. Computational and Applied Mathematics"
"","","","J. Comput. Appl. Math.","user-choice","|","Journal of Computational and Applied Mathematics"
"","","","J. Comput. Chem.","user-choice","|","Journal of Computational Chemistry"
"","","","J. Comput. Geosci.","user-choice","|","Journal of Computers \& Geosciences"
"","","","J. Comput. Informatics","user-choice","|","Journal of Computing and Informatics"
"","","","J. Comput. Oper. Res.","user-choice","|","Journal of Computers \& Operations Research"
"","","","J. Comput. Phys.","user-choice","|","Journal of Computational Physics"
"","","","J. Comput. Sci. Colleges","user-choice","|","Journal of Computing Sciences in Colleges"
"","","","J. Comput. Syst. Sci.","user-choice","|","Journal of Computer and System Sciences"
"","","","J. Comput. Theor. Nanosci.","user-choice","|","Journal of Computational and Theoretical Nanoscience"
"","","","J. Comput.","user-choice","|","Journal of Computers"
"","","","J. Comput.-Aided Mol. Des.","user-choice","|","Journal of Computer-Aided Molecular Design"
"","","","J. Cosmol. Astropart. Phys.","user-choice","|","J. Cosmo. \& Astropart. Phys."
"","","","J. Cosmol. Astropart. Phys.","user-choice","|","JCAP"
"","","","J. Cryptol.","user-choice","|","Journal of Cryptology"
"","","","J. Differ. Equ. Appl.","user-choice","|","J. Differ. Equations Appl."
"","","","J. Differ. Equ.","user-choice","|","J. Differential Equations"
"","","","J. Differ. Equ.","user-choice","|","Journal of Differential Equations"
"","","","J. Differ. Geom.","user-choice","|","J. Differential Geom."
"","","","J. Differ. Geom.","user-choice","|","J.~Differential Geom."
"","","","J. Discrete Algorithms","user-choice","|","Journal of Discrete Algorithms"
"","","","J. Econ. Entomol.","user-choice","|","Journal of Economic Entomology"
"","","","J. Econom.","user-choice","|","Journal of Econometrics"
"","","","J. Electron Microsc.","user-choice","|","J. Electron Microsc."
"","","","J. Eur. Math. Soc.","user-choice","|","J. Eur. Math. Soc. (JEMS)"
"","","","J. Exp. Psychol. Gen.","user-choice","|","J. Exp. Psychol. Gen."
"","","","J. Exp. Psychol. Gen.","user-choice","|","Journal of Experimental Psychology: General"
"","","","J. Exp. Psychol. Hum. Percept. Perform.","user-choice","|","Journal of Experimental Psychology: Human Perception and Performance"
"","","","J. Exp. Theor. Phys.","user-choice","|","J. Experimental and Theoretical Physics"
"","","","J. Funct. Anal.","user-choice","|","J Funct Anal"
"","","","J. Funct. Anal.","user-choice","|","J.~Funct. Anal."
"","","","J. Gen. Virol.","user-choice","|","J Gen Virol"
"","","","J. Gen. Virol.","user-choice","|","J. Gen. Virol."
"","","","J. Gen. Virol.","user-choice","|","Journal of General Virology"
"","","","J. Geom.","user-choice","|","J. Geometry"
"","","","J. Geom.","user-choice","|","Journal of Geometry"
"","","","J. Geophys. Res.","user-choice","|","J. Geophys. Res."
"","","","J. Graph Theory","user-choice","|","Journal of Graph Theory"
"","","","J. High Energy Phys.","user-choice","|","J. High Energy Phys."
"","","","J. High Energy Phys.","user-choice","|","JHEP"
"","","","J. Hist. Biology","user-choice","|","J. Hist. Biology"
"","","","J. Hist. Ideas","user-choice","|","Journal of the History of Ideas"
"","","","J. Hist. Philos.","user-choice","|","Journal of the History of Philosophy"
"","","","J. Hum. Resour.","user-choice","|","Journal of Zhejiang University (Humanities and Social Science)"
"","","","J. Immunol.","user-choice","|","Journal of Immunology"
"","","","J. Inf. Process. Lett.","user-choice","|","Journal of Information Processing Letters"
"","","","J. Inf. Sci.","user-choice","|","Journal of Information Sciences"
"","","","J. Inf. Softw. Technol.","user-choice","|","Journal of Information and Software Technology"
"","","","J. Infect. Dis.","user-choice","|","Journal of Infectious Diseases"
"","","","J. Insect Behav.","user-choice","|","Journal of Insect Behavior"
"","","","J. Inst. Math. Appl.","user-choice","|","J. Inst. Math. and its App."
"","","","J. Interfer. Cytokine Res.","user-choice","|","Journal of Interferon and Cytokine Research"
"","","","J. Lang. Liter. Culture","user-choice","|","Journal of Language, Literature and Culture"
"","","","J. Log. Comput.","user-choice","|","Journal for Logic and Computation"
"","","","J. Log. Comput.","user-choice","|","Journal of Logic and Computation"
"","","","J. Lond. Math. Soc.","user-choice","|","J. London Math. Soc. (2)"
"","","","J. Lond. Math. Soc.","user-choice","|","J. London Math. Soc."
"","","","J. Mach. Learn. Res.","user-choice","|","Journal of Machine Learning Research"
"","","","J. Math. Anal. Appl.","user-choice","|","Journal of Mathematical Analysis and Applications"
"","","","J. Math. Arts","user-choice","|","Journal of Mathematics and the Arts"
"","","","J. Math. Biol.","user-choice","|","J Math Biol"
"","","","J. Math. Kyoto Univ.","user-choice","|","J. Math. Kyoto Univ."
"","","","J. Math. Pures Appl.","user-choice","|","J. Math. Pures Appl. (9)"
"","","","J. Math. Pures Appl.","user-choice","|","Journal de Math\'{e}matiques Pures et Appliqu\'{e}es"
"","","","J. Math. Pures Appl.","user-choice","|","Journal de Math\'{e}matiques pures et appliqu\'{e}es"
"","","","J. Math. Pures Appl.","user-choice","|","Journal de Mathematiques pures et appliqu\'ees"
"","","","J. Math. Pures Appl.","user-choice","|","Journal de math\'ematiques pures et appliqu\'ees"
"","","","J. Math. Pures Appl.","user-choice","|","Journal de math\'{e}matiques pures et appliqu\'{e}es"
"","","","J. Math. Sci.","user-choice","|","Journal of Mathematical Sciences"
"","","","J. Math. Soc. Jpn.","user-choice","|","J. Math. Soc. Japan"
"","","","J. Microbiol. Methods","user-choice","|","J Microbiol Methods"
"","","","J. Mol. Biol.","user-choice","|","J Mol Biol"
"","","","J. Mol. Biol.","user-choice","|","J. Mol. Biol."
"","","","J. Mol. Biol.","user-choice","|","Journal of Molecular Biology"
"","","","J. Mol. Med.","user-choice","|","Journal of Molecular Medicine"
"","","","J. Mot. Behav.","user-choice","|","Journal of Motor Behavior"
"","","","J. Musculoskelet. Neuron. Interact.","user-choice","|","J. Musculoskelet Neuronal Interact."
"","","","J. Nat. Sci. Nanjing Norm. Univ.","user-choice","|","Journal of nanjing normal university"
"","","","J. Neurosci.","user-choice","|","Journal of Neuroscience"
"","","","J. Oper. Theory","user-choice","|","J. Operator Theory"
"","","","J. Opt. A, Pure Appl. Opt.","user-choice","|","J. Opt. A: Pure Appl. Opt."
"","","","J. Opt. Soc. Am. B, Opt. Phys.","user-choice","|","J. Opt. Soc. Am. B"
"","","","J. Opt. Soc. Am. B, Opt. Phys.","user-choice","|","JOSA B"
"","","","J. Parallel Distrib. Comput.","user-choice","|","Journal of Parallel and Distributed Computing"
"","","","J. Pathol.","user-choice","|","Journal of Pathology"
"","","","J. Phon.","user-choice","|","Journal of Phonetics"
"","","","J. Phys. A","user-choice","|","J. Phys. A"
"","","","J. Phys. A, Math. Gen.","user-choice","|","J. Phys. A: Math. Gen."
"","","","J. Phys. A, Math. Theor.","user-choice","|","J Phys. A: Math. Theor."
"","","","J. Phys. A, Math. Theor.","user-choice","|","J. Phys. A: Math. Theor."
"","","","J. Phys. C, Solid State Phys.","user-choice","|","J. Phys. C"
"","","","J. Phys. Chem. B","user-choice","|","The Journal of Physical Chemistry B"
"","","","J. Phys. Condens. Matter","user-choice","|","J. Phys. Condens. Matt."
"","","","J. Phys. Condens. Matter","user-choice","|","J. Phys.: Condens. Matter"
"","","","J. Phys. Condens. Matter","user-choice","|","J. Phys.: Condens. Matter."
"","","","J. Phys. Conf. Ser.","user-choice","|","Journal of Physics: Conference Series"
"","","","J. Phys. D, Appl. Phys.","user-choice","|","J. Phys D: Appl Phys"
"","","","J. Phys. G, Nucl. Part. Phys.","user-choice","|","J. Phys G: Nucl. Phys."
"","","","J. Phys. G, Nucl. Part. Phys.","user-choice","|","J. Phys. G"
"","","","J. Phys. G, Nucl. Part. Phys.","user-choice","|","J. Phys. G: Nucl. Phys."
"","","","J. Phys. G, Nucl. Part. Phys.","user-choice","|","J. Phys. G:Nucl. Phys."
"","","","J. Phys. G, Nucl. Part. Phys.","user-choice","|","Jour. Phys. G"
"","","","J. Physiol. (Paris)","user-choice","|"," J. Physiol. (Paris)"
"","","","J. Physiol. (Paris)","user-choice","|","Journal of Physiology--Paris"
"","","","J. Pure Appl. Algebra","user-choice","|","Journal of Pure and Applied Algebra."
"","","","J. Quant. Linguist.","user-choice","|","Journal of Quantitative Linguistics"
"","","","J. R. Aeronaut. Soc.","user-choice","|","Journal of The Royal Aeronautical Society"
"","","","J. R. Aeronaut. Soc.","user-choice","|","Journal of the Royal Aeronautical Society"
"","","","J. R. Stat. Soc. A","user-choice","|","J. R. Statist. Soc. A"
"","","","J. R. Stat. Soc.","user-choice","|","Journal of the Royal Statistical Society"
"","","","J. R. Stat. Soc., Ser. A, Stat. Soc.","user-choice","|","Journal of the Royal Statistical Society. Series A (Statistics in Society)"
"","","","J. Radiat. Res.","user-choice","|","J. Radiat. Res."
"","","","J. Radiat. Res.","user-choice","|","J. Radiation Res."
"","","","J. Reine Angew. Math.","user-choice","|","Journal f\"ur die Reine und angewandte Mathematik"
"","","","J. Reine Angew. Math.","user-choice","|","Journal f\"ur die reine und angewandte Mathematik"
"","","","J. Reine Angew. Math.","user-choice","|","Journal f\"{u}r die reine und angewandte Mathematik"
"","","","J. Reine Angew. Math.","user-choice","|","Journal f\"{u}r reine and angewandte Mathematik"
"","","","J. Reine Angew. Math.","user-choice","|","Journal f\"{u}r reine und angewandte Mathematik"
"","","","J. Reine Angew. Math.","user-choice","|","Journal fur die reine und angewandte mathematik"
"","","","J. Res. Natl. Inst. Stand. Technol.","user-choice","|","J. Res. NIST"
"","","","J. Sched.","user-choice","|","Journal of scheduling"
"","","","J. Sci. Comput.","user-choice","|","J. Scient. Comput."
"","","","J. Softw. Maint. Evol.","user-choice","|","Journal of Software Maintenance and Evolution: Research and Practice"
"","","","J. Softw. Test. Verif. Reliabil.","user-choice","|","Journal of Software Testing, Verifications, and Reliability"
"","","","J. Solid State Chem.","user-choice","|","J. Solid state Chem."
"","","","J. Stat. Mech. Theory Exp.","user-choice","|","Journal of Statistical Mechanics: Theory and Experiment P"
"","","","J. Stat. Phys.","user-choice","|","J. Statist. Phys."
"","","","J. Statist. Soc. London","user-choice","|","J. Statist. Soc. London"
"","","","J. Struct. Biol.","user-choice","|","J. Struct. Biol."
"","","","J. Struct. Biol.","user-choice","|","Journal of Structural Biology"
"","","","J. Symb. Log.","user-choice","|","J. Symbolic Logic"
"","","","J. Syst. Archit. B","user-choice","|","Journal of Systems Architecture, Part B"
"","","","J. Syst. Softw.","user-choice","|","J. Syst. Softw."
"","","","J. Syst. Softw.","user-choice","|","Journal of Systems and Software"
"","","","J. Syst. Softw.","user-choice","|","The Journal of Systems and Software"
"","","","J. Theor. Biol.","user-choice","|","J Theor Biol"
"","","","J. Theor. Biol.","user-choice","|","Journal of Theoretical Biology"
"","","","J. Univers. Comput. Sci.","user-choice","|","Journal of Universal computerScience"
"","","","J. Virol.","user-choice","|","J Virol"
"","","","J. Virol.","user-choice","|","J. Virol."
"","","","J. Virol.","user-choice","|","Journal of Virology"
"","","","J. Vis. Lang. Comput.","user-choice","|","Journal of Visual Languages and Computing"
"","","","J. Wildl. Manag.","user-choice","|","J. Wildlife. Manage."
"","","","J. \'{E}c. Polytech.","user-choice","|","Journal de l'\'Ecole polytechnique"
"","","","J. \'{E}c. Polytech.","user-choice","|","Journal de l'\'{E}cole Polytechnique"
"","","","J. \'{E}c. Polytech.","user-choice","|","Journal de l'\'{E}cole polytechnique"
"","","","J. \'{E}c. R. Polytech.","user-choice","|","Journal de l'\'{E}cole Royale Polytechnique"
"","","","JAMA J. Am. Med. Assoc.","user-choice","|","Jama-Journal of the American Medical Association"
"","","","Jahresber. Dtsch. Math.-Ver.","user-choice","|","Jahresber Dtsch Math-Ver"
"","","","Jahresber. Dtsch. Math.-Ver.","user-choice","|","Jahresber. DMV"
"","","","Jahresber. Dtsch. Math.-Ver.","user-choice","|","Jahresbericht der Deutschen Mathematiker Vereinigung (JDMV)"
"","","","Jahresber. Dtsch. Math.-Ver.","user-choice","|","Jahresbericht der Deutschen Mathematiker-Vereinigung"
"","","","Jahresber. Dtsch. Math.-Ver.","user-choice","|","Jahresbericht der deutschen Mathematiker-Vereinigung"
"","","","Jahresber. Dtsch. Math.-Ver.","user-choice","|","Jber. DMV"
"","","","Jewish Q. Rev.","user-choice","|","The Jewish Quarterly Review"
"","","","Knowledge","user-choice","|","Knowledge"
"","","","Koninkl. Nederl. Akad. Wetensch. Proc.","user-choice","|","Koninklijke Nederlandse Akademie van Wetenschappen, Proceedings"
"","","","Lancet Infect. Dis.","user-choice","|","Lancet Infect Dis"
"","","","Lancet Infect. Dis.","user-choice","|","The Lancet. Infectious diseases"
"","","","Lancet Oncol.","user-choice","|","Lancet Oncol."
"","","","Lancet","user-choice","|","Lancet"
"","","","Lang. Cogn. Processes","user-choice","|","Lang Cogn Proc"
"","","","Lang. Linguist. Compass","user-choice","|","Language and Linguistics Compass"
"","","","Laser Focus World","user-choice","|","Laser Focus World"
"","","","Lect. Notes Comput. Sci.","user-choice","|","LNCS"
"","","","Lect. Notes Comput. Sci.","user-choice","|","Lecture Notes in Computer Science"
"","","","Lett. Nuovo Cimento","user-choice","|","Lett. Nuovo Cim."
"","","","Libr. Trends","user-choice","|","Library Trends"
"","","","Life Sci. Space Res.","user-choice","|","Life Sci. Space Res."
"","","","Linguist. Typol.","user-choice","|","Linguistic Typology"
"","","","Lond. Math. Soc. Lect. Note Ser.","user-choice","|","London Mathematical Society Lecture Note Series"
"","","","M2AN Mod\'{e}l. Math. Anal. Num\'{e}r.","user-choice","|","M2AN Math Model Numer Anal"
"","","","MBio","user-choice","|","MBio"
"","","","M\'{e}m. Acad. R. Sci. Belles-Lettr. Berlin","user-choice","|","M\'{e}moires de l'Acad\'{e}mie Royale des Sciences et Belles-Lettres de Berlin"
"","","","M\'{e}m. Soc. Sci. Phys. Natur. de Bordeaux","user-choice","|","M\'emoires de la soci\'et\'e des sciences physiques et naturelles de Bordeaux"
"","","","Mach. Learn.","user-choice","|","Machine learning"
"","","","Magn. Reson. Med.","user-choice","|","Magn Reson Med"
"","","","Magyar Tud. Akad. Mat. Fiz. Oszt. K\"ozl.","user-choice","|","Magyar Tud.\ Akad.\ Mat.\ Fiz.\ Oszt.\ K\"ozl."
"","","","Manuscr. Math.","user-choice","|","Manuscripta Math."
"","","","Mat. Sb.","user-choice","|","Matematicheskii Sbornik"
"","","","Mat. v Shkole","user-choice","|","Mat. v Shkole"
"","","","Mater. Lett.","user-choice","|","Mat. Lett."
"","","","Mater. Sci. Eng. A","user-choice","|","Mater. Sci. Eng. A"
"","","","Math. Ann.","user-choice","|","Math. Annalen"
"","","","Math. Ann.","user-choice","|","Mathematische Annalen"
"","","","Math. Ann.","user-choice","|","Mathematische {A}nnalen"
"","","","Math. Biosci.","user-choice","|","Math Biosci"
"","","","Math. Comput. Model.","user-choice","|","Mathematical and Computer Modelling"
"","","","Math. Comput.","user-choice","|","Math of Comp"
"","","","Math. Comput.","user-choice","|","Math. Comp."
"","","","Math. Comput.","user-choice","|","Mathematics of Computation"
"","","","Math. Control Signals Syst.","user-choice","|","Mathematics of Control, Signals, and Systems (MCSS)"
"","","","Math. Gaz.","user-choice","|","Mathematical Gazette"
"","","","Math. Gaz.","user-choice","|","The Mathematical Gazette"
"","","","Math. Intell.","user-choice","|","Math. Intelligencer"
"","","","Math. Intell.","user-choice","|","Mathematical Intelligencer"
"","","","Math. Intell.","user-choice","|","The Mathematical Intelligencer"
"","","","Math. Intell.","user-choice","|","The Mathematical Intelligencer, Springer"
"","","","Math. Models Methods Appl. Sci.","user-choice","|","Math Models Methods Appl Sci"
"","","","Math. Oper. Res.","user-choice","|","Mathematics of Operations Research"
"","","","Math. Proc. Camb. Philos. Soc.","user-choice","|","Math. Proc. Cambridge Philos. Soc."
"","","","Math. Sci. Hum.","user-choice","|","Math. Sci. Humaines"
"","","","Math. Sci.","user-choice","|","Mathematical Scientist"
"","","","Math. Semesterber.","user-choice","|","Mathematische Semesterberichte"
"","","","Math. Syst. Theory","user-choice","|","Mathematical Systems Theory"
"","","","Math. Today","user-choice","|","Mathematics Today"
"","","","Math. Z.","user-choice","|","Mathematische Zeitschrift"
"","","","Mem. Liter. Philos. Soc. Manchester","user-choice","|","Memoirs of the Literary and Philosophical Society of Manchester"
"","","","Mem. Proc. Manchester Liter. Philos. Soc.","user-choice","|","Memoirs and Proceedings of the Manchester Literary and Philosophical Society"
"","","","Messenger Math.","user-choice","|","Messenger of Mathematics"
"","","","Messenger Math.","user-choice","|","Messenger of mathematics"
"","","","Methods Mol. Biol.","user-choice","|","Methods Mol Biol"
"","","","Methods Mol. Biol.","user-choice","|","Methods Mol. Biol."
"","","","Methods Mol. Biol.","user-choice","|","Methods in Molecular Biology"
"","","","Microbes Infect.","user-choice","|","Microbes and Infection"
"","","","Microbiol. Mol. Biol. Rev.","user-choice","|","Microbiol Mol Biol Rev"
"","","","Mind","user-choice","|","Mind"
"","","","Mod. Log.","user-choice","|","Modern Logic"
"","","","Model. Simul. Sci. Eng. Technol.","user-choice","|","Modeling and simulation in science, engineering and technology"
"","","","Mol. Biol. Cell","user-choice","|","Mol. Biol. Cell"
"","","","Mol. Biol. Cell","user-choice","|","Molecular Biology of the Cell"
"","","","Mol. Cell. Biol.","user-choice","|","Mol Cell Biol"
"","","","Mol. Syst. Biol.","user-choice","|","Molecular Systems Biology"
"","","","Mon. Not. R. Astron. Soc.","user-choice","|","Mon. Not. R. Astron. Soc."
"","","","Mon. Not. R. Astron. Soc.","user-choice","|","Mon. Not. Roy. Astron. Soc."
"","","","Mon. Not. R. Astron. Soc.","user-choice","|","Mon.\ Not.\ Roy.\ Astron.\ Soc."
"","","","Mon. Not. R. Astron. Soc.","user-choice","|","Monthly Notices of the Royal Astr. Soc."
"","","","Monatsber. K\"{o}nigl. Preu{\ss}isch. Akad. Wiss. Berlin","user-choice","|","Monatsberichte der K\"{o}niglichen Preu{\ss}ischen Akademie der Wissenschaften zu Berlin"
"","","","Monatsh. Math. Phys.","user-choice","|","Monatshefte f\"ur Mathematik und Physik"
"","","","Monatsh. Math.","user-choice","|","Monatsh. Math."
"","","","Monatsh. Math.","user-choice","|","Monatshefte f\"{u}r Mathematik"
"","","","Multiscale Model. Simul.","user-choice","|","Multiscale Model. Sim."
"","","","Mutat. Res.","user-choice","|","Mutat. Res."
"","","","N. Engl. J. Med.","user-choice","|","N. Engl. J. Med."
"","","","N. Engl. J. Med.","user-choice","|","New England Journal of Medicine"
"","","","Nachr. K. Gess. Wiss. Georg-Augusts-Univ.","user-choice","|","Nachricthen von der K\"{o}niglichen Gesellschaft der Wissenschaften und der Georg-Augusts-Universit\"{a}t"
"","","","Nachr. K\"{o}nigl. Ges. Wiss. G\""{o}tt. Math.-Phys. Kl.","user-choice","|","Nachrichten von der K\"oniglichen Gesellschaft der Wissenschaften zu G\"ottingen. Mathematisch-Physikalische Classe"
"","","","Nachr. K\"{o}nigl. Ges. Wiss. Georg-Augusts-Univ.","user-choice","|","{Nachrichten von der K\"oniglichen Gesellschaft der Wissenschaften und der Georg-Augusts-Universit\"at}"
"","","","Nano Lett.","user-choice","|","Nano Letters"
"","","","Nat. Commun.","user-choice","|","Nat. Com."
"","","","Nat. Commun.","user-choice","|","Nature Communications"
"","","","Nat. Comput.","user-choice","|","Natural Computing"
"","","","Nat. Immunol.","user-choice","|","Nat Immunol"
"","","","Nat. Immunol.","user-choice","|","Nature Immunology"
"","","","Nat. Mater.","user-choice","|","Nat. Mat."
"","","","Nat. Mater.","user-choice","|","Nature Mater."
"","","","Nat. Mater.","user-choice","|","Nature Materials"
"","","","Nat. Med.","user-choice","|","Nat Med"
"","","","Nat. Med.","user-choice","|","Nature Medicine"
"","","","Nat. Nanotechnol.","user-choice","|","Nature Nanotechnology"
"","","","Nat. Phys.","user-choice","|","Nature Physics"
"","","","Nat. Rev. Drug Discov.","user-choice","|","Nature Reviews. Drug Discovery"
"","","","Nat. Rev. Immunol.","user-choice","|","Nat Rev Immunol"
"","","","Nat. Rev. Microbiol.","user-choice","|","Nat. Rev. Microbiol."
"","","","Nat. Rev. Microbiol.","user-choice","|","Nature Reviews Microbiology"
"","","","Nat. Rev. Microbiol.","user-choice","|","Nature Reviews. Microbiology"
"","","","Nat. Rev. Mol. Cell Biol.","user-choice","|","Nat Rev Mol Cell Biol"
"","","","Nat. Rev. Neurosci.","user-choice","|","Nature Reviews Neuroscience"
"","","","Nat. Struct. Mol. Biol.","user-choice","|","Nat Struct Mol Biol"
"","","","Nat. Struct. Mol. Biol.","user-choice","|","Nat. Struct. Mol. Biol."
"","","","Nat. Struct. Mol. Biol.","user-choice","|","Nature Structural \& Molecular Biology"
"","","","Nature (London)","user-choice","|","Nature"
"","","","Nature","user-choice","|","Nature"
"","","","Nav. Res. Logist.","user-choice","|","Naval Research Logistics"
"","","","Neural Comput.","user-choice","|","Neural Computation"
"","","","NeuroImage","user-choice","|","Neuroimage"
"","","","Neurocase","user-choice","|","Neurocase"
"","","","New J. Phys.","user-choice","|","New J. Phys."
"","","","Nieuw Arch. Wiskd. (2)","user-choice","|","Nieuw Arch. Wiskunde (2)"
"","","","Nieuw Arch. Wiskd. (3)","user-choice","|","Nieuw Archief voor Wiskunde (3)"
"","","","Nieuw Arch. Wiskd.","user-choice","|","Nieuw Arch. voor Wisk."
"","","","Nieuw Arch. Wiskd.","user-choice","|","Nieuw Archief voor Wiskunde"
"","","","Nonlinear Anal., Real World Appl.","user-choice","|","Nonlinear Anal, RWA"
"","","","Nonlinear Anal., Real World Appl.","user-choice","|","Nonlinear Anal. RWA"
"","","","Nonlinear Anal., Real World Appl.","user-choice","|","Nonlinear Analysis: Real World Application"
"","","","Nonlinear Differ. Equ. Appl.","user-choice","|","NoDEA Nonlinear Differential Equations Appl."
"","","","Not. Am. Math. Soc.","user-choice","|","Notices Amer. Math. Soc."
"","","","Not. Am. Math. Soc.","user-choice","|","Notices of the AMS"
"","","","Not. Am. Math. Soc.","user-choice","|","Notices of the American Mathematical Society"
"","","","Notes Rec. R. Soc. Lond.","user-choice","|","Notes and Records of the Roy. Soc. of London"
"","","","Notes Rec. R. Soc. Lond.","user-choice","|","Notes and Records of the Royal Society"
"","","","Notes Rec. R. Soc.","user-choice","|","Notes and Records of the Royal Society"
"","","","Notes Rec.","user-choice","|","Notes and Records"
"","","","Notre Dame J. Form. Log.","user-choice","|","Notre Dame Journal of Formal Logic"
"","","","Nouv. Ann. Math.","user-choice","|","Nouvelles annales de math\'{e}matiques"
"","","","Nouv. Ann. Math.","user-choice","|","Nouvelles annales de math\'{e}matiques. 2\`{e}me s\'{e}rie"
"","","","Nova Acta Acad. Sci. Imper. Petropolitanae","user-choice","|","Nova Acta Academiae Scientiarum imperialis Petropolitanae"
"","","","Nucl. Instrum. Methods Phys. Res., Sect. A","user-choice","|","Nucl. Instr. and Meth. A"
"","","","Nucl. Instrum. Methods Phys. Res., Sect. A","user-choice","|","Nucl. Instrum. Meth. A"
"","","","Nucl. Instrum. Methods Phys. Res., Sect. A, Accel. Spectrom. Detect. Assoc. Equip.","user-choice","|","Nucl. Inst. and Meth. A"
"","","","Nucl. Instrum. Methods Phys. Res., Sect. A, Accel. Spectrom. Detect. Assoc. Equip.","user-choice","|","Nucl. Instrum. Meth. A"
"","","","Nucl. Instrum. Methods Phys. Res., Sect. B, Beam Interact. Mater. Atoms","user-choice","|","Nucl. Instr. and Meth. B"
"","","","Nucl. Phys. A","user-choice","|","Nucl. Phys. A"
"","","","Nucl. Phys. A","user-choice","|","Nuclear Physics A"
"","","","Nucl. Phys. B","user-choice","|","Nucl. Phys. B"
"","","","Nucl. Phys. B, Proc. Suppl.","user-choice","|","Nucl. Phys. Proc. Suppl."
"","","","Nucleic Acids Res.","user-choice","|","Nucleic Acids Research"
"","","","Nuovo Cimento A","user-choice","|","Nuovo Cim. A"
"","","","Nuovo Cimento","user-choice","|","Il Nuovo Cimento"
"","","","Oncogene","user-choice","|","Oncogene"
"","","","Oncol. Lett.","user-choice","|","Oncol. Lett."
"","","","Oper. Res. Lett.","user-choice","|","Operations Research Letters"
"","","","Oper. Res.","user-choice","|","Operations Research"
"","","","Opt. Commun.","user-choice","|","Opt. Comm."
"","","","Optical Networks Magazine","user-choice","|","Optical Networks Magazine"
"","","","Osiris","user-choice","|","Osiris"
"","","","Otd. Fiz.-Mat. Fak. Kharkov. Gos. Univ. i Kharkov. Mat. Ob-va","user-choice","|","Zap. Matem. Otd. Fiz.-Mat. Fak. Kharkov. Gos. Univ. i Kharkov. Mat. Ob-va"
"","","","Oxford, Cambridge and Dublin Messenger Math.","user-choice","|","Oxford, Cambridge and Dublin Messenger of Mathematics"
"","","","PLoS Biol.","user-choice","|","PLoS Biol"
"","","","PLoS Biol.","user-choice","|","PLoS Biology"
"","","","PLoS Currents","user-choice","|","PLoS Currents"
"","","","PLoS Med.","user-choice","|","PLoS Pathog"
"","","","PLoS ONE","user-choice","|","PLoS ONE"
"","","","PLoS ONE","user-choice","|","PLoS One"
"","","","PLoS ONE","user-choice","|","PloS ONE"
"","","","PLoS Pathog.","user-choice","|","PLoS Pathog"
"","","","PLoS Pathog.","user-choice","|","PLoS Pathogens"
"","","","Pac. J. Math.","user-choice","|","Pacific J. Math."
"","","","Pac. J. Math.","user-choice","|","Pacific Journal of Mathematics"
"","","","Percept. Mot. Skills","user-choice","|","Perceptual and Motor Skills"
"","","","Percept. Psychophys.","user-choice","|","Perception \& Psychophysics"
"","","","Perspect. Biol. Med.","user-choice","|","Perspect Biol Med"
"","","","Pest Manag. Sci.","user-choice","|","Pest Management Science"
"","","","Pesticide Biochem. Physiol.","user-choice","|","Pesticide Biochemistry and Physiology"
"","","","Philos. Mag. Ser. 4","user-choice","|","Philosophical Magazine Series 4"
"","","","Philos. Mag.","user-choice","|","Phil Mag."
"","","","Philos. Mag.","user-choice","|","Phil. Mag."
"","","","Philos. Mag.","user-choice","|","Philosophical Magazine"
"","","","Philos. Sci.","user-choice","|","Philosophia Scientia"
"","","","Philos. Sci.","user-choice","|","Philosophia Scientiae"
"","","","Philos. Sci.","user-choice","|","Philosophia {S}cienti{\ae}"
"","","","Philos. Sci.","user-choice","|","Philosophiae Scientiae"
"","","","Philos. Sci.","user-choice","|","Philosophy of Science"
"","","","Philos. Trans. R. Soc. Lond. A","user-choice","|","Phil. Trans. R. Soc. A"
"","","","Philos. Trans. R. Soc. Lond. A","user-choice","|","Phil. Trans. R. Soc. Lond. A"
"","","","Philos. Trans. R. Soc. Lond. A","user-choice","|","Philosophical Transactions of the Royal Society of London A"
"","","","Philos. Trans. R. Soc. Lond. B","user-choice","|","Phil. Trans. R. Soc. Lond. B"
"","","","Philos. Trans. R. Soc. Lond. Ser A","user-choice","|","Philosophical Transactions of the Royal Society of London. Series A"
"","","","Philos. Trans. R. Soc. Lond. Ser. A","user-choice","|","Philos. Trans. R. Soc. London Ser A"
"","","","Philos. Trans. R. Soc. Lond.","user-choice","|","Phil. Trans. R. Soc. Lond."
"","","","Philos. Trans. R. Soc. Lond.","user-choice","|","Philosophical Transactions of the Royal Society London"
"","","","Philos. Trans. R. Soc. Lond.","user-choice","|","Philosophical Transactions of the Royal Society of London"
"","","","Philos. Trans. R. Soc.","user-choice","|","Phil. Trans. Roy. Soc."
"","","","Philos. Trans. R. Soc.","user-choice","|","Phil. Trans. Roy. Soc."
"","","","Philos. Trans.","user-choice","|","Philosophical Transactions"
"","","","Photonic Netw. Commun.","user-choice","|","Photonic Network Communications"
"","","","Phys. At. Nucl.","user-choice","|","Phys. Atom. Nucl."
"","","","Phys. Fluids","user-choice","|","Physics of Fluids"
"","","","Phys. Lett. A","user-choice","|","Phys. Lett. A"
"","","","Phys. Lett. A","user-choice","|","Physics Letters A"
"","","","Phys. Lett. B","user-choice","|","Phys. Lett. B"
"","","","Phys. Lett. B","user-choice","|","Physics Letters B"
"","","","Phys. Lett.","user-choice","|","Physics Letters"
"","","","Phys. Life Rev.","user-choice","|","Phys Life Rev"
"","","","Phys. Life Rev.","user-choice","|","Phys. Life Rev."
"","","","Phys. Life Rev.","user-choice","|","Physics of Life Review"
"","","","Phys. Life Rev.","user-choice","|","Physics of Life Reviews"
"","","","Phys. Perspective","user-choice","|","Physics in Perspective"
"","","","Phys. Plasmas (1994-present)","user-choice","|","Physics of Plasmas (1994-present)"
"","","","Phys. Plasmas","user-choice","|","Physics of Plasmas"
"","","","Phys. Rep.","user-choice","|","Phys. Rep."
"","","","Phys. Rep.","user-choice","|","Phys. Rept."
"","","","Phys. Rep.","user-choice","|","Physics Reports"
"","","","Phys. Rev. A","user-choice","|","Phys. Rev. A"
"","","","Phys. Rev. B","user-choice","|","Phys. Rev B"
"","","","Phys. Rev. B","user-choice","|","Phys. Rev. B"
"","","","Phys. Rev. B","user-choice","|","Physical Review B"
"","","","Phys. Rev. C","user-choice","|","Phys. Rev. C"
"","","","Phys. Rev. C, Nucl. Phys.","user-choice","|","Phys. Rev. C"
"","","","Phys. Rev. C, Nucl. Phys.","user-choice","|","Phys. Rev. C."
"","","","Phys. Rev. D","user-choice","|","Phys. Rev. D"
"","","","Phys. Rev. D, Part. Fields","user-choice","|","Phys. Rep."
"","","","Phys. Rev. D, Part. Fields","user-choice","|","Phys. Rev. D"
"","","","Phys. Rev. D, Part. Fields","user-choice","|","Phys. Rev. D, Part. Fields"
"","","","Phys. Rev. E","user-choice","|","Phys. Rev. E"
"","","","Phys. Rev. Lett.","user-choice","|","Phys. Rev. Lett"
"","","","Phys. Rev. Lett.","user-choice","|","Phys. Rev. Lett."
"","","","Phys. Rev. Lett.","user-choice","|","Phys. Rev. lett"
"","","","Phys. Rev. Lett.","user-choice","|","Phys.\ Rev.\ Lett."
"","","","Phys. Rev. Lett.","user-choice","|","Physical Review Letters"
"","","","Phys. Rev. X","user-choice","|","Phys. Rev. X"
"","","","Phys. Rev.","user-choice","|","Phys. Rev."
"","","","Phys. Rev.~E","user-choice","|","Phys. Rev. E"
"","","","Phys. Scr.","user-choice","|","Physica Scripta"
"","","","Phys. Status Solidi B","user-choice","|","Phys. stat. sol. (b)"
"","","","Phys. Status Solidi B","user-choice","|","Physica Status Solidi (b)"
"","","","Physica B, Condens. Matter","user-choice","|","Physica B"
"","","","Physica","user-choice","|","Physica"
"","","","Physis Riv. Int. Stor. Sci.","user-choice","|","Physis: Revista internazionale di storia della scienza"
"","","","Plant Physiol. Biochem.","user-choice","|","Plant Physiology and Biochemistry"
"","","","Plasma Phys. Rep.","user-choice","|","Plasma Physics Reports"
"","","","Plasma Phys.","user-choice","|","Plasma Physics"
"","","","Poe Studies","user-choice","|","Poe Studies"
"","","","Priroda","user-choice","|","Priroda"
"","","","Probl. Inf. Transm.","user-choice","|","Problems of Information Transmission"
"","","","Probl. Math. Phys.","user-choice","|","Problems in Math. Phys."
"","","","Proc. Am. Acad. Arts Sci.","user-choice","|","Proceedings of the American Academy of Arts and Sciences"
"","","","Proc. Am. Math. Soc.","user-choice","|","Proc. Amer. Math. Soc."
"","","","Proc. Am. Math. Soc.","user-choice","|","Proc. of the AMS"
"","","","Proc. Am. Philos. Soc.","user-choice","|","Proceedings of the American Philosophical Society"
"","","","Proc. Camb. Philos. Soc.","user-choice","|","Proc. Camb. Phil. Soc."
"","","","Proc. Camb. Philos. Soc.","user-choice","|","Proc. Cambridge Phil. Soc."
"","","","Proc. Eng.","user-choice","|","Procedia Engineering"
"","","","Proc. IEEE","user-choice","|","Proceedings of the IEEE"
"","","","Proc. IEEE","user-choice","|","Proceedings of the {IEE}"
"","","","Proc. Jpn. Acad., Ser. A, Math. Sci.","user-choice","|","Proc. Japan Acad. Ser. A"
"","","","Proc. Lond. Math. Soc.","user-choice","|","P. Lond. Math. Soc."
"","","","Proc. Lond. Math. Soc.","user-choice","|","Proc. Lond. Math. Soc. (3)"
"","","","Proc. Lond. Math. Soc.","user-choice","|","Proc. London Math. Soc. (3)"
"","","","Proc. Lond. Math. Soc.","user-choice","|","Proc. London Math. Soc."
"","","","Proc. Lond. Math. Soc.","user-choice","|","Proceedings of the London Mathematical Society 2nd ser."
"","","","Proc. Lond. Math. Soc.","user-choice","|","Proceedings of the London Mathematical Society"
"","","","Proc. Manchester Liter. Philos. Soc.","user-choice","|","Proceedings of the Manchester Literary and Philosophical Society"
"","","","Proc. Natl. Acad. Sci. USA","user-choice","|","PNAS"
"","","","Proc. Natl. Acad. Sci. USA","user-choice","|","Proc  Natl Acad  Sci  USA"
"","","","Proc. Natl. Acad. Sci. USA","user-choice","|","Proc Natl Acad Sci U S A"
"","","","Proc. Natl. Acad. Sci. USA","user-choice","|","Proc Natl Acad Sci USa"
"","","","Proc. Natl. Acad. Sci. USA","user-choice","|","Proc. Nat. Acad. Sci USA"
"","","","Proc. Natl. Acad. Sci. USA","user-choice","|","Proc. Natl. Acad. Sci. USA"
"","","","Proc. Natl. Acad. Sci. USA","user-choice","|","Proc. Natl. Acad. Sci."
"","","","Proc. Natl. Acad. Sci. USA","user-choice","|","Proceeding of the National Academy of Sciences of the United States of America"
"","","","Proc. Natl. Acad. Sci. USA","user-choice","|","Proceedings of the National Academy of Science, USA"
"","","","Proc. Natl. Acad. Sci. USA","user-choice","|","Proceedings of the National Academy of Sciences U S A"
"","","","Proc. Natl. Acad. Sci. USA","user-choice","|","Proceedings of the National Academy of Sciences USA"
"","","","Proc. Natl. Acad. Sci. USA","user-choice","|","Proceedings of the National Academy of Sciences of the United States of America"
"","","","Proc. Natl. Acad. Sci. USA","user-choice","|","Proceedings of the National Academy of Sciences"
"","","","Proc. R. Soc. Edinb., Sect. A","user-choice","|","Proc. Roy. Soc. Edinburgh Sect. A"
"","","","Proc. R. Soc. Lond. B, Biol. Sci.","user-choice","|","Proc R Soc Lond B Biol Sci"
"","","","Proc. R. Soc. Lond. B, Biol. Sci.","user-choice","|","Proc Royal Soc B"
"","","","Proc. R. Soc. Lond. Ser. A","user-choice","|","Proc. R. Soc. Lond. A"
"","","","Proc. R. Soc. Lond. Ser. A","user-choice","|","Proc. Roy. Soc. Lond. A"
"","","","Proc. R. Soc. Lond. Ser. A","user-choice","|","Proceedings of the Royal Society of London A"
"","","","Proc. R. Soc. Lond.","user-choice","|","Proceedings of the Royal Society of London"
"","","","Proc. R. Soc. Ser. A","user-choice","|","Proceedings of the Royal Society A"
"","","","Proc. SPIE Int. Soc. Opt. Eng.","user-choice","|","Proc. of SPIE"
"","","","Prog. Part. Nucl. Phys.","user-choice","|","Prog. Part. Nucl. Phys."
"","","","Protein Cell","user-choice","|","Protein Cell"
"","","","Protein Cell","user-choice","|","Protein \& Cell"
"","","","Proteome Sci.","user-choice","|","Proteome Sci."
"","","","Proteome Sci.","user-choice","|","Proteome Science"
"","","","Psychol. Bull.","user-choice","|","Psychological Bulletin"
"","","","Psychol. Forschung","user-choice","|","Psychologische Forschung"
"","","","Psychol. Rev.","user-choice","|","Psychological Review"
"","","","Psychol. Sci.","user-choice","|","Psychological Science"
"","","","Psychon. Bull. Rev.","user-choice","|","Psychonomic Bulletin \& Review"
"","","","Publ. Am. Stat. Assoc.","user-choice","|","Publications of the American Statistical Association"
"","","","Publ. Inst. Math. (Belgr.)","user-choice","|","Publ. Inst. Math. (Beograd)"
"","","","Publ. Inst. Math. (Beograd) (N. S.)","user-choice","|","Publ. Inst. Math. (Beograd) (N. S.)"
"","","","Publ. Inst. Math. (Beograd)","user-choice","|","Publ. Inst. Math. (Beograd)"
"","","","Publ. Math. (Debr.)","user-choice","|","Publ. Math. Debreceen"
"","","","Publ. Math. (Debr.)","user-choice","|","Publ. Math. Debrecen"
"","","","Publ. l'Inst. Math. N. S.","user-choice","|","Publ. l'Inst. Math. Nouvelle S\'erie tome"
"","","","Publ. l'Inst. Math. N. S.","user-choice","|","Publications de L'Institut Math\'ematique, Nouvelle s\'erie tome"
"","","","Public Underst. Sci.","user-choice","|","Public Understanding of Science"
"","","","Q. J. Appl. Math.","user-choice","|","Quart. J. Appl. Math."
"","","","Q. J. Humanities Cult. Stud.","user-choice","|","Quarterly Journal of Humanities \& Cultural Studies"
"","","","Q. J. Math.","user-choice","|","Quart. J. Math. Oxford Ser(2)"
"","","","Q. J. Math.","user-choice","|","Quart. J. Math."
"","","","Q. J. Pure Appl. Math.","user-choice","|","Quart. J. Pure Appl. Math."
"","","","Q. J. Pure Appl. Math.","user-choice","|","Quarterly journal of pure and applied mathematics"
"","","","Q. J. Pure Appl. Math.","user-choice","|","The Quarterly Journal of Pure and Applied Mathematics"
"","","","RAIRO - Anal. Num\'{e}r.","user-choice","|","Rairo-Analyse num\'{e}rique"
"","","","RNA - Publ. RNA Soc.","user-choice","|","Rna-a Publication of the Rna Society"
"","","","RNA Biology","user-choice","|","RNA Biology"
"","","","RNA","user-choice","|","RNA"
"","","","Radiat. Res.","user-choice","|","Radiat. Res."
"","","","Radiother. Oncol.","user-choice","|","Radiother. Oncol."
"","","","Renaissance Stud.","user-choice","|","Renaissance Studies"
"","","","Rend. Circ. Mat. Palermo","user-choice","|","Rendiconti del Circolo Matematico di Palermo"
"","","","Rend. Circ. Mat. Palermo","user-choice","|","Rendiconti del Circolo matematico di Palermo"
"","","","Rend. Circ. Mat. Palermo","user-choice","|","Rendiconti del circolo matematico di Palermo"
"","","","Rend. Mat. Appl.","user-choice","|","Rendiconti di Matematica e delle sue Applicazioni (S.~7)"
"","","","Rend. R. Accad. Lincei","user-choice","|","Rend. R. Accademia dei Lincei"
"","","","Rend. R. Accad. Naz. Lincei","user-choice","|","Rendiconti della Reale Accademia dei Lincei"
"","","","Rend. Semin. Matem. Brescia","user-choice","|","Rendiconti del Seminario Matematico di Brescia"
"","","","Rep. Prog. Phys.","user-choice","|","Rep. Progr. in Phys."
"","","","Rep. Prog. Phys.","user-choice","|","Rept. Prog. Phys."
"","","","Results Math.","user-choice","|","Result. Math."
"","","","Rev. Econ. Apl.","user-choice","|","Revista de Econom\'{\i}a Aplicada"
"","","","Rev. G\'{e}n. Sci. Pures Appl.","user-choice","|","Revue g\'{e}n\'{e}rale des sciences pures et appliqu\'{e}es"
"","","","Rev. Hist. Math.","user-choice","|","Revue d'Histoire des Math\'{e}matiques"
"","","","Rev. Hist. Math.","user-choice","|","Revue d'Histoire des math\'{e}matiques"
"","","","Rev. Hist. Math.","user-choice","|","Revue d'histoire des math\'ematiques"
"","","","Rev. Hist. Math.","user-choice","|","Revue d'histoire des math\'{e}matiques"
"","","","Rev. Hist. Sci.","user-choice","|","Revue d'histoire des sciences"
"","","","Rev. Hist.","user-choice","|","Revue d'histoire"
"","","","Rev. Int. Philos.","user-choice","|","Revue Internationale de Philosophie"
"","","","Rev. Min. Geochem.","user-choice","|","Rev. Mineral. Geochem."
"","","","Rev. Mod. Phys.","user-choice","|","Rev. Mod. Phys."
"","","","Rev. Symbol. Log.","user-choice","|","Review of Symbolic Logic"
"","","","Rev. Synth.","user-choice","|","Revue de synth\'ese"
"","","","Rev. d'Assyriol. d'Arch\'{e}ol. Orient.","user-choice","|","Revue d'Assyriologie et d'arch\'{e}ologie orientale"
"","","","Rev. d'Assyriol.","user-choice","|","Revue d'Assyriologie"
"","","","Rev. d'Hist. Math.","user-choice","|","Revue d'Histoire de Math\'{e}matiques"
"","","","Rhetorica","user-choice","|","Rhetorica: A Journal of the History of Rhetoric"
"","","","Russ. Math. Surv.","user-choice","|","Russian Math. Surveys"
"","","","Russ. Math. Surv.","user-choice","|","Russian Math.\ Surveys"
"","","","Russ. Math. Surv.","user-choice","|","Russian Mathematical Surveys"
"","","","SIAM J. Appl. Dyn. Syst.","user-choice","|","Siam J Appl Dyn Syst"
"","","","SIAM J. Comput.","user-choice","|","SIAM Journal on Computing"
"","","","SIAM J. Discrete Math.","user-choice","|","SIAM Journal on Discrete Mathematics"
"","","","SIAM J. Matrix Anal. Appl.","user-choice","|","SIAM Journal on Matrix Analysis and Applications"
"","","","SIAM J. Matrix Anal. Appl.","user-choice","|","{SIAM} Journal of Matrix Analysis and Applications"
"","","","SIAM J. Matrix Anal. Appl.","user-choice","|","{SIAM} Journal on Matrix Analysis and Applications"
"","","","SIAM J. Optim.","user-choice","|","SIAM J. Optimization"
"","","","SIAM J. Optim.","user-choice","|","SIAM Journal on Optimization"
"","","","SIAM J. Sci. Comput.","user-choice","|","SIAM Journal on Scientific Computing"
"","","","SIAM J. Sci. Comput.","user-choice","|","{SIAM} Journal of Scientific Computing"
"","","","SIAM J. Sci. Comput.","user-choice","|","{SIAM} Journal on Scientific Computing"
"","","","SIAM J. Sci. Stat. Comput.","user-choice","|","SIAM Journal on Scientific and Statistical Computing"
"","","","SIGMOD Rec.","user-choice","|","SIGMOD Record"
"","","","Scholarpedia","user-choice","|","Scholarpedia"
"","","","Sci. China Ser. A","user-choice","|","Science in China, Series A"
"","","","Sci. China Ser. G, Phys. Astron.","user-choice","|","Sci China Ser G"
"","","","Sci. Context","user-choice","|","Sci. Context"
"","","","Sci. Context","user-choice","|","Science in Context"
"","","","Sci. Correspond.","user-choice","|","Scientific Correspondences"
"","","","Sci. Netw. Historic. Stud.","user-choice","|","Science Networks Historical Studies"
"","","","Sci. Rep.","user-choice","|","Sci Rep"
"","","","Sci. Rep.","user-choice","|","Sci. Rep."
"","","","Sci. Rep.","user-choice","|","Scientific Reports"
"","","","Science","user-choice","|","Science"
"","","","Science","user-choice","|","Science."
"","","","Scr. Math.","user-choice","|","Scripta Mathematica"
"","","","Signal Process.","user-choice","|","Signal Processing"
"","","","Sitzber. Wiener Akad.","user-choice","|","Sitzber. Wiener Akad."
"","","","Sitzungsber. Berliner math. Gesellsch.","user-choice","|","Sitzungsberichte der Berliner mathematischen Gesellschaft"
"","","","Sitzungsber. K\"{o}nig. Preu{\ss}. Akad. Wiss. Berlin","user-choice","|","Sitzungsber. K\"{o}nig. Preu{\ss}. Akad. Wiss. Berlin"
"","","","Sitzungsber. Kaiserlich. Akad. Wiss. Math.-Nat. Wiss. Kl.","user-choice","|","Sitzungsberichte der kaiserlichen Akademie der Wissenschaften. Mathematisch-Naturwissenschaftliche Classe"
"","","","Sitzungsber. Preuss. Akad. Wiss. Berl.","user-choice","|","Sitzungsberichte der Preussischen Akademie der Wissenschaften zu Berlin"
"","","","Soc. Stud. Sci.","user-choice","|","Social Studies of Science"
"","","","Soc. Stud. in Sci.","user-choice","|","Social Studies in Science"
"","","","Sociol. Theory","user-choice","|","Sociological Theory"
"","","","Softw. Pract. Exp.","user-choice","|","Softw. Pract. Exper."
"","","","Softw. Pract. Exp.","user-choice","|","Software---Practice \& Experience"
"","","","Softw. Syst. Model.","user-choice","|","Software and Systems Modeling"
"","","","Soobshch. Kharkov. Mat. Obshch.","user-choice","|","Soobshch. Kharkov. Mat. Obshch."
"","","","Sov. J. Nucl. Phys.","user-choice","|","Yad. Fiz."
"","","","Sov. Phys. JETP","user-choice","|","Soviet. Phys. JETP"
"","","","Sov. Phys., Solid State","user-choice","|","Sov. Phys. Solid State"
"","","","Spectrochim. Acta, Part A, Mol. Biomol. Spectrosc.","user-choice","|","Spectrochimica Acta Part A"
"","","","Stat. Anal. Data Min.","user-choice","|","Statistique et Analyse des Donn\'{e}es"
"","","","Stat. Anal. Donn\'{e}es","user-choice","|","Statistique et Analyse des Donn\'{e}es"
"","","","Stat. Med.","user-choice","|","Stat Med"
"","","","Stat. Sci.","user-choice","|","Statistical Science"
"","","","Structure","user-choice","|","Structure"
"","","","Stud. Appl. Math.","user-choice","|","Studies in Applied Mathematics"
"","","","Stud. Hist. Philos. Mod. Phys.","user-choice","|","Studies in History and Philosophy of Modern Physics"
"","","","Stud. Hist. Philos. Sci. Part A","user-choice","|","Studies in History and Philosophy of Science Part A"
"","","","Stud. Hist. Philos. Sci.","user-choice","|","Studies in History and Philosophy of Science"
"","","","Stud. Log.","user-choice","|","Studia Logica"
"","","","Stud. Stat. Mech.","user-choice","|","Studies in Statistical Mechanics"
"","","","Studia Sci. Math. Hung.","user-choice","|","Studia Sci. Math. Hungarica"
"","","","Sugaku Expo.","user-choice","|","Sugaku Expositions"
"","","","Suhayl","user-choice","|","Suhayl"
"","","","Synthese","user-choice","|","Synthese"
"","","","Taiwan. J. Math.","user-choice","|","Taiwanese J. Math."
"","","","The Neuroscientist","user-choice","|","The Neuroscientist"
"","","","Theor. Comput. Sci.","user-choice","|","Theoret. Comput. Sci."
"","","","Theor. Comput. Sci.","user-choice","|","Theoretical Computer Sci."
"","","","Theor. Comput. Sci.","user-choice","|","Theoretical Computer Science"
"","","","Theor. Comput. Sci.","user-choice","|","Theoretical computer sci"
"","","","Theor. Popul. Biol.","user-choice","|","Theor. Pop. Biology"
"","","","Theory Comput. Syst.","user-choice","|","Theory of Computing Systems"
"","","","Theory Pract. Object Syst.","user-choice","|","Theory and Practice of Object Systems"
"","","","Theory Probab. Appl.","user-choice","|","Theory of Probability \& Its Applications"
"","","","Theory Probab. Appl.","user-choice","|","Theory of Probability and its Applications"
"","","","Topol.  Appl.","user-choice","|","Topology Appl."
"","","","Topol. Proc.","user-choice","|","Topology Proc."
"","","","Tr. Mosk. Mat. Ob\v{s}.","user-choice","|","Tr. Moskow Mat. Obs."
"","","","Trans. Am. Math. Soc.","user-choice","|","Trans. Amer. Math. Soc."
"","","","Trans. Am. Math. Soc.","user-choice","|","Transactions of the American mathematical society"
"","","","Trans. Cambridge Philos. Soc.","user-choice","|","Transactions of the Cambridge Philosophical Society"
"","","","Trans. Charles S. Peirce Soc.","user-choice","|","Trans. Charles S. Peirce Society"
"","","","Trans. Comput. Educ.","user-choice","|","Transactions on Computing Education"
"","","","Trans. Connecticut Acad.","user-choice","|","Transactions of the Connecticut Academy"
"","","","Trans. Emerg. Telecommun. Technol.","user-choice","|","Transactions on Emerging Telecommunications Technologies"
"","","","Trans. Historic Soc. Lancashire and Cheshire","user-choice","|","Transactions of the Historic society of Lancashire and Cheshire"
"","","","Trans. Internet Technol.","user-choice","|","Transactions on Internet Technology (TOIT)"
"","","","Trans. Lond. Math. Soc.","user-choice","|","Trans. London Math. Soc."
"","","","Trans. Nonferr. Met. Soc. China","user-choice","|","Trans. Nonferrous. Met. Soc. China"
"","","","Trans. R. Asiatic Soc. Great Britain and Ireland","user-choice","|","Transactions of the Royal Asiatic Society of Great Britain and Ireland"
"","","","Trans. R. Soc. Edinb.","user-choice","|","Transactions of the Royal Society of Edinburgh"
"","","","Transl. Am. Math. Soc.","user-choice","|","Amer. Math. Soc. Transl."
"","","","Trends Biochem. Sci.","user-choice","|","Trends in Biochemical Sciences"
"","","","Trends Biotechnol.","user-choice","|","Trends Biotechno"
"","","","Trends Biotechnol.","user-choice","|","Trends Biotechnol"
"","","","Trends Cogn. Sci.","user-choice","|","Trends in Cognitive Science"
"","","","Trends Cogn. Sci.","user-choice","|","Trends in Cognitive Sciences"
"","","","Trends Microbiol.","user-choice","|","Trends in Microbiology"
"","","","Trudy Fiz.-Mat. Vidd. Akad. Nauk UkrSSR","user-choice","|","Trudy Fiz.-Mat. Vidd. Akad. Nauk UkrSSR"
"","","","Uchen. Zap. Leningrad. Gos. Univ. Mat. Ser.","user-choice","|","Uchen. Zap. Leningrad. Gos. Univ. Mat. Ser."
"","","","Ukr. Math. J.","user-choice","|","Ukrainian Mathematical Journal"
"","","","Univ. J. Comput. Sci. Eng. Technol.","user-choice","|","Universal Journal of Computer Science and Engineering Technology"
"","","","Usp. Mat. Nauk","user-choice","|","Uspechi Matematiceskich Nauk"
"","","","Usp. Mat. Nauk","user-choice","|","Uspehi Mat. Nauk"
"","","","Usp. Mat. Nauk","user-choice","|","Uspekhi Mat. Nauk"
"","","","Usp. Mat. Nauk","user-choice","|","Uspekhi Mat.\ Nauk"
"","","","Vaccine","user-choice","|","Vaccine"
"","","","Veh. Commun.","user-choice","|","Vehicular Communications"
"","","","Vestn. Akad. Nauk SSSR","user-choice","|","Vestnik Akad. Nauk SSSR"
"","","","Vestn. Mosk. Univ.","user-choice","|","Vestnik Moskov. Univ."
"","","","Vet. Microbiol.","user-choice","|","Vet. Microbiol."
"","","","Vet. Microbiol.","user-choice","|","Veterinary Microbiology"
"","","","Virol. J.","user-choice","|","Virology J."
"","","","Virolog. Sinica","user-choice","|","Virologica Sinica"
"","","","Virology","user-choice","|","Virology"
"","","","Virus Genes","user-choice","|","Virus Genes"
"","","","Virus Res.","user-choice","|","Virus Res"
"","","","Virus Res.","user-choice","|","Virus Res."
"","","","Virus Res.","user-choice","|","Virus Research"
"","","","Viruses (Basel)","user-choice","|","Viruses-Basel"
"","","","Viruses","user-choice","|","Viruses"
"","","","Yale J. Criticism","user-choice","|","The Yale Journal of Criticism"
"","","","Z. Angew. Math. Phys.","user-choice","|","Zeitschrift f. Math. u. Physik"
"","","","Z. Angew. Math. Phys.","user-choice","|","Zeitschrift f\"{u}r Mathematik und Physik"
"","","","Z. Gesch. Arab.-Islam. Wiss.","user-choice","|","Zeitschrift f\"{u}r Geschichte der arabish-islamischen Wissenschaften"
"","","","Z. Math. Naturwissenshaftl. Unterricht","user-choice","|","Zeitschrift f\"ur mathematischen und naturwissenshaftlichen Unterricht"
"","","","Z. Math. Phys. - Hist.-literar. Abt.","user-choice","|","Zeitschrift f\"{u}r Mathematik und Physik -- Historisch-literarische Abtheilung"
"","","","Z. Math. Phys.","user-choice","|","Zeitschrift f\"ur Mathematik und Physik"
"","","","Z. Math. Phys.","user-choice","|","Zeitschrift f\"{u}r Mathematik und Physik"
"","","","Z. Med. Phys.","user-choice","|","Zeitschrift f\"{u}r Medizinische Physik"
"","","","Z. Phys. A, Hadrons Nucl.","user-choice","|","Z. Phys. A"
"","","","Z. Phys. C","user-choice","|","Z. Phys. C"
"","","","Z. Phys. C, Part. Fields","user-choice","|","Z. Phys. C"
"","","","Z. Psychol.","user-choice","|","Zeitschr. f. Psychol."
"","","","ZDM: Int. J. Sci. Math. Educ.","user-choice","|","ZDM: The International Journal of Mathematics Education"
"","","","Zesz. Nauk. Uniw. Jagiell., Pr. Mat.","user-choice","|","Univ. Iagel. Acta Math."
"","","","Zh. \`{E}ksp. Teor. Fiz.","user-choice","|","Zh. Eksp. Teor. Fiz."
"","","","mBio","user-choice","|","mBio""","","","Math. Intell.","user-choice","|","Mathematical Intelligencer"